time,fold,size,id
1801,0,26,1
1801,0,15,1
1801,0,10,1
1801,0,23,1
1801,0,25,1
1801,0,2,1
1801,0,9,1
1861,0,26,1
1861,0,15,1
1861,0,10,1
1861,0,23,1
1861,0,25,1
1861,0,2,1
1861,0,9,1
1921,0,26,1
1921,0,15,1
1921,0,10,1
1921,0,33,1
1921,0,25,1
1921,0,2,1
1921,0,9,1
2401,0,26,1
2401,0,15,1
2401,0,10,1
2401,0,23,1
2401,0,25,1
2401,0,41,1
1801,0,2,2
1801,0,3,2
1801,0,7,2
1801,0,3,2
1801,0,16,2
1801,0,15,2
1801,0,7,2
1801,0,3,2
1801,0,4,2
1801,0,4,2
1861,0,25,2
1861,0,7,2
1861,0,3,2
1861,0,16,2
1861,0,15,2
1861,0,7,2
1861,0,3,2
1861,0,4,2
1861,0,4,2
1921,0,25,2
1921,0,7,2
1921,0,3,2
1921,0,16,2
1921,0,15,2
1921,0,7,2
1921,0,27,2
1921,0,4,2
2401,0,25,2
2401,0,7,2
2401,0,3,2
2401,0,16,2
2401,0,15,2
2401,0,7,2
2401,0,27,2
2401,0,4,2
1801,0,12,3
1801,0,15,3
1801,0,4,3
1801,0,12,3
1801,0,10,3
1801,0,19,3
1801,0,2,3
1861,0,12,3
1861,0,15,3
1861,0,4,3
1861,0,12,3
1861,0,10,3
1861,0,19,3
1861,0,2,3
1921,0,12,3
1921,0,15,3
1921,0,4,3
1921,0,12,3
1921,0,10,3
1921,0,19,3
1921,0,2,3
2401,0,12,3
2401,0,15,3
2401,0,4,3
2401,0,12,3
2401,0,10,3
2401,0,19,3
2401,0,2,3
1801,0,16,4
1801,0,22,4
1801,0,6,4
1801,0,2,4
1801,0,1,4
1801,0,6,4
1801,0,18,4
1801,0,19,4
1861,0,16,4
1861,0,22,4
1861,0,6,4
1861,0,2,4
1861,0,1,4
1861,0,6,4
1861,0,18,4
1861,0,19,4
1921,0,16,4
1921,0,22,4
1921,0,6,4
1921,0,2,4
1921,0,1,4
1921,0,6,4
1921,0,18,4
1921,0,19,4
2401,0,16,4
2401,0,22,4
2401,0,6,4
2401,0,2,4
2401,0,1,4
2401,0,6,4
2401,0,18,4
2401,0,19,4
1801,0,21,5
1801,0,3,5
1801,0,5,5
1801,0,5,5
1801,0,1,5
1801,0,1,5
1801,0,1,5
1801,0,20,5
1801,0,4,5
1801,0,15,5
1861,0,21,5
1861,0,3,5
1861,0,5,5
1861,0,5,5
1861,0,1,5
1861,0,1,5
1861,0,1,5
1861,0,20,5
1861,0,4,5
1861,0,15,5
1921,0,21,5
1921,0,3,5
1921,0,51,5
1921,0,1,5
1921,0,1,5
1921,0,20,5
1921,0,4,5
1921,0,15,5
2401,0,21,5
2401,0,3,5
2401,0,51,5
2401,0,1,5
2401,0,1,5
2401,0,20,5
2401,0,4,5
2401,0,15,5
1801,0,2,6
1801,0,5,6
1801,0,22,6
1801,0,23,6
1801,0,9,6
1801,0,5,6
1801,0,13,6
1801,0,11,6
1861,0,2,6
1861,0,5,6
1861,0,22,6
1861,0,23,6
1861,0,9,6
1861,0,5,6
1861,0,13,6
1861,0,11,6
1921,0,2,6
1921,0,5,6
1921,0,22,6
1921,0,23,6
1921,0,9,6
1921,0,5,6
1921,0,13,6
1921,0,11,6
2401,0,2,6
2401,0,5,6
2401,0,22,6
2401,0,23,6
2401,0,9,6
2401,0,5,6
2401,0,13,6
2401,0,11,6
1801,0,4,7
1801,0,28,7
1801,0,8,7
1801,0,2,7
1801,0,3,7
1801,0,20,7
1801,0,15,7
1861,0,4,7
1861,0,28,7
1861,0,8,7
1861,0,2,7
1861,0,3,7
1861,0,20,7
1861,0,15,7
1921,0,4,7
1921,0,28,7
1921,0,8,7
1921,0,2,7
1921,0,3,7
1921,0,20,7
1921,0,15,7
2401,0,4,7
2401,0,28,7
2401,0,8,7
2401,0,2,7
2401,0,3,7
2401,0,20,7
2401,0,15,7
1801,0,22,8
1801,0,8,8
1801,0,16,8
1801,0,21,8
1801,0,5,8
1801,0,21,8
1801,0,7,8
1861,0,22,8
1861,0,8,8
1861,0,16,8
1861,0,21,8
1861,0,25,8
1861,0,21,8
1861,0,7,8
1921,0,22,8
1921,0,8,8
1921,0,16,8
1921,0,21,8
1921,0,25,8
1921,0,21,8
1921,0,7,8
2401,0,22,8
2401,0,8,8
2401,0,16,8
2401,0,21,8
2401,0,25,8
2401,0,58,8
1801,0,6,9
1801,0,19,9
1801,0,10,9
1801,0,5,9
1801,0,8,9
1801,0,13,9
1801,0,2,9
1801,0,1,9
1801,0,6,9
1861,0,6,9
1861,0,19,9
1861,0,10,9
1861,0,5,9
1861,0,8,9
1861,0,13,9
1861,0,2,9
1861,0,1,9
1861,0,6,9
1921,0,6,9
1921,0,19,9
1921,0,10,9
1921,0,5,9
1921,0,8,9
1921,0,13,9
1921,0,2,9
1921,0,37,9
2401,0,6,9
2401,0,19,9
2401,0,10,9
2401,0,5,9
2401,0,8,9
2401,0,13,9
2401,0,2,9
2401,0,27,9
1801,0,18,10
1801,0,22,10
1801,0,4,10
1801,0,45,10
1801,0,20,10
1801,0,5,10
1801,0,8,10
1861,0,18,10
1861,0,22,10
1861,0,4,10
1861,0,45,10
1861,0,20,10
1861,0,33,10
1921,0,18,10
1921,0,22,10
1921,0,4,10
1921,0,45,10
1921,0,20,10
1921,0,33,10
2401,0,18,10
2401,0,22,10
2401,0,4,10
2401,0,45,10
2401,0,20,10
2401,0,33,10
1801,0,13,11
1801,0,7,11
1801,0,5,11
1801,0,9,11
1801,0,14,11
1801,0,11,11
1801,0,31,11
1861,0,13,11
1861,0,7,11
1861,0,5,11
1861,0,9,11
1861,0,14,11
1861,0,11,11
1861,0,31,11
1921,0,13,11
1921,0,7,11
1921,0,5,11
1921,0,9,11
1921,0,14,11
1921,0,11,11
1921,0,31,11
2401,0,50,11
2401,0,44,11
2401,0,55,11
2401,0,31,11
1801,0,5,12
1801,0,14,12
1801,0,15,12
1801,0,5,12
1801,0,22,12
1801,0,20,12
1801,0,4,12
1801,0,3,12
1861,0,5,12
1861,0,14,12
1861,0,15,12
1861,0,5,12
1861,0,22,12
1861,0,20,12
1861,0,4,12
1861,0,3,12
1921,0,5,12
1921,0,14,12
1921,0,15,12
1921,0,5,12
1921,0,22,12
1921,0,20,12
1921,0,4,12
1921,0,3,12
2401,0,5,12
2401,0,14,12
2401,0,15,12
2401,0,5,12
2401,0,22,12
2401,0,20,12
2401,0,4,12
2401,0,3,12
1801,0,11,13
1801,0,18,13
1801,0,20,13
1801,0,15,13
1801,0,2,13
1801,0,23,13
1801,0,6,13
1801,0,5,13
1861,0,11,13
1861,0,18,13
1861,0,20,13
1861,0,15,13
1861,0,2,13
1861,0,23,13
1861,0,6,13
1861,0,5,13
1921,0,11,13
1921,0,18,13
1921,0,20,13
1921,0,15,13
1921,0,2,13
1921,0,23,13
1921,0,31,13
2401,0,11,13
2401,0,18,13
2401,0,20,13
2401,0,15,13
2401,0,2,13
2401,0,23,13
2401,0,31,13
1801,0,18,14
1801,0,1,14
1801,0,3,14
1801,0,2,14
1801,0,3,14
1801,0,10,14
1801,0,2,14
1801,0,1,14
1801,0,14,14
1861,0,18,14
1861,0,1,14
1861,0,3,14
1861,0,2,14
1861,0,3,14
1861,0,10,14
1861,0,2,14
1861,0,1,14
1861,0,14,14
1921,0,18,14
1921,0,1,14
1921,0,3,14
1921,0,2,14
1921,0,3,14
1921,0,10,14
1921,0,2,14
1921,0,1,14
1921,0,14,14
2401,0,18,14
2401,0,1,14
2401,0,3,14
2401,0,2,14
2401,0,3,14
2401,0,10,14
2401,0,23,14
2401,0,14,14
1801,0,10,15
1801,0,17,15
1801,0,9,15
1801,0,16,15
1801,0,9,15
1801,0,6,15
1801,0,19,15
1801,0,4,15
1861,0,10,15
1861,0,17,15
1861,0,9,15
1861,0,16,15
1861,0,9,15
1861,0,6,15
1861,0,19,15
1861,0,4,15
1921,0,10,15
1921,0,17,15
1921,0,9,15
1921,0,16,15
1921,0,9,15
1921,0,6,15
1921,0,19,15
1921,0,4,15
2401,0,10,15
2401,0,17,15
2401,0,9,15
2401,0,16,15
2401,0,9,15
2401,0,6,15
2401,0,19,15
2401,0,4,15
1801,0,4,16
1801,0,22,16
1801,0,10,16
1801,0,8,16
1801,0,20,16
1801,0,5,16
1801,0,12,16
1801,0,20,16
1801,0,11,16
1861,0,4,16
1861,0,22,16
1861,0,10,16
1861,0,8,16
1861,0,20,16
1861,0,5,16
1861,0,12,16
1861,0,20,16
1861,0,11,16
1921,0,4,16
1921,0,22,16
1921,0,10,16
1921,0,8,16
1921,0,20,16
1921,0,5,16
1921,0,12,16
1921,0,20,16
1921,0,11,16
2401,0,4,16
2401,0,22,16
2401,0,10,16
2401,0,8,16
2401,0,20,16
2401,0,5,16
2401,0,12,16
2401,0,20,16
2401,0,11,16
1801,0,34,17
1801,0,7,17
1801,0,20,17
1801,0,2,17
1801,0,2,17
1801,0,14,17
1801,0,1,17
1861,0,34,17
1861,0,7,17
1861,0,20,17
1861,0,2,17
1861,0,2,17
1861,0,14,17
1861,0,1,17
1921,0,34,17
1921,0,7,17
1921,0,20,17
1921,0,2,17
1921,0,2,17
1921,0,14,17
1921,0,1,17
2401,0,34,17
2401,0,7,17
2401,0,20,17
2401,0,2,17
2401,0,2,17
2401,0,14,17
2401,0,1,17
1801,0,20,18
1801,0,1,18
1801,0,1,18
1801,0,7,18
1801,0,3,18
1801,0,7,18
1801,0,3,18
1801,0,18,18
1861,0,20,18
1861,0,1,18
1861,0,1,18
1861,0,7,18
1861,0,3,18
1861,0,7,18
1861,0,3,18
1861,0,18,18
1921,0,20,18
1921,0,1,18
1921,0,1,18
1921,0,7,18
1921,0,3,18
1921,0,7,18
1921,0,3,18
1921,0,18,18
2401,0,20,18
2401,0,1,18
2401,0,1,18
2401,0,7,18
2401,0,3,18
2401,0,7,18
2401,0,3,18
2401,0,18,18
1801,0,4,19
1801,0,15,19
1801,0,12,19
1801,0,22,19
1801,0,7,19
1801,0,25,19
1801,0,4,19
1801,0,1,19
1861,0,4,19
1861,0,15,19
1861,0,12,19
1861,0,22,19
1861,0,7,19
1861,0,25,19
1861,0,4,19
1861,0,1,19
1921,0,4,19
1921,0,15,19
1921,0,12,19
1921,0,22,19
1921,0,7,19
1921,0,25,19
1921,0,4,19
1921,0,21,19
2401,0,49,19
2401,0,12,19
2401,0,22,19
2401,0,7,19
2401,0,25,19
2401,0,4,19
2401,0,21,19
1801,0,23,20
1801,0,19,20
1801,0,7,20
1801,0,5,20
1801,0,25,20
1801,0,16,20
1801,0,3,20
1861,0,23,20
1861,0,19,20
1861,0,7,20
1861,0,5,20
1861,0,25,20
1861,0,10,20
1861,0,16,20
1861,0,3,20
1921,0,23,20
1921,0,19,20
1921,0,7,20
1921,0,5,20
1921,0,25,20
1921,0,10,20
1921,0,16,20
1921,0,3,20
2401,0,23,20
2401,0,19,20
2401,0,7,20
2401,0,5,20
2401,0,25,20
2401,0,10,20
2401,0,39,20
1801,0,5,21
1801,0,1,21
1801,0,16,21
1801,0,4,21
1801,0,6,21
1801,0,3,21
1801,0,1,21
1801,0,12,21
1861,0,5,21
1861,0,1,21
1861,0,16,21
1861,0,4,21
1861,0,6,21
1861,0,3,21
1861,0,1,21
1861,0,12,21
1861,0,20,21
1921,0,5,21
1921,0,1,21
1921,0,16,21
1921,0,4,21
1921,0,6,21
1921,0,3,21
1921,0,1,21
1921,0,12,21
1921,0,20,21
2401,0,5,21
2401,0,1,21
2401,0,16,21
2401,0,4,21
2401,0,6,21
2401,0,3,21
2401,0,31,21
2401,0,12,21
2401,0,20,21
1801,0,22,22
1801,0,24,22
1801,0,17,22
1801,0,7,22
1801,0,4,22
1801,0,20,22
1801,0,4,22
1801,0,18,22
1861,0,22,22
1861,0,24,22
1861,0,17,22
1861,0,7,22
1861,0,4,22
1861,0,20,22
1861,0,4,22
1861,0,18,22
1921,0,22,22
1921,0,24,22
1921,0,17,22
1921,0,7,22
1921,0,4,22
1921,0,20,22
1921,0,4,22
1921,0,18,22
2401,0,22,22
2401,0,24,22
2401,0,17,22
2401,0,7,22
2401,0,4,22
2401,0,20,22
2401,0,4,22
2401,0,18,22
1801,0,3,23
1801,0,24,23
1801,0,1,23
1801,0,10,23
1801,0,4,23
1801,0,42,23
1801,0,20,23
1801,0,2,23
1861,0,3,23
1861,0,24,23
1861,0,1,23
1861,0,30,23
1861,0,4,23
1861,0,42,23
1861,0,20,23
1861,0,2,23
1921,0,3,23
1921,0,24,23
1921,0,1,23
1921,0,30,23
1921,0,4,23
1921,0,42,23
1921,0,20,23
1921,0,2,23
2401,0,3,23
2401,0,24,23
2401,0,1,23
2401,0,30,23
2401,0,4,23
2401,0,42,23
2401,0,20,23
2401,0,2,23
1801,0,12,24
1801,0,6,24
1801,0,9,24
1801,0,3,24
1801,0,2,24
1801,0,9,24
1801,0,3,24
1801,0,23,24
1801,0,3,24
1861,0,12,24
1861,0,6,24
1861,0,9,24
1861,0,35,24
1861,0,9,24
1861,0,3,24
1861,0,13,24
1861,0,3,24
1921,0,12,24
1921,0,6,24
1921,0,9,24
1921,0,35,24
1921,0,9,24
1921,0,3,24
1921,0,13,24
1921,0,3,24
2401,0,12,24
2401,0,6,24
2401,0,9,24
2401,0,35,24
2401,0,9,24
2401,0,3,24
2401,0,13,24
2401,0,3,24
1801,0,10,25
1801,0,1,25
1801,0,5,25
1801,0,14,25
1801,0,20,25
1801,0,5,25
1801,0,13,25
1801,0,14,25
1861,0,10,25
1861,0,1,25
1861,0,5,25
1861,0,14,25
1861,0,20,25
1861,0,5,25
1861,0,13,25
1861,0,14,25
1921,0,10,25
1921,0,1,25
1921,0,5,25
1921,0,14,25
1921,0,20,25
1921,0,5,25
1921,0,13,25
1921,0,14,25
2401,0,10,25
2401,0,1,25
2401,0,5,25
2401,0,14,25
2401,0,20,25
2401,0,5,25
2401,0,13,25
2401,0,14,25
1801,0,6,26
1801,0,9,26
1801,0,8,26
1801,0,20,26
1801,0,28,26
1801,0,27,26
1801,0,12,26
1861,0,6,26
1861,0,9,26
1861,0,8,26
1861,0,20,26
1861,0,28,26
1861,0,27,26
1861,0,12,26
1921,0,6,26
1921,0,9,26
1921,0,8,26
1921,0,20,26
1921,0,28,26
1921,0,27,26
1921,0,12,26
2401,0,6,26
2401,0,9,26
2401,0,8,26
2401,0,20,26
2401,0,28,26
2401,0,27,26
2401,0,12,26
1801,0,14,27
1801,0,6,27
1801,0,1,27
1801,0,8,27
1801,0,14,27
1801,0,3,27
1801,0,9,27
1801,0,5,27
1861,0,14,27
1861,0,6,27
1861,0,1,27
1861,0,8,27
1861,0,14,27
1861,0,13,27
1861,0,9,27
1861,0,5,27
1921,0,14,27
1921,0,6,27
1921,0,1,27
1921,0,8,27
1921,0,14,27
1921,0,3,27
1921,0,39,27
1921,0,5,27
2401,0,14,27
2401,0,6,27
2401,0,1,27
2401,0,8,27
2401,0,14,27
2401,0,3,27
2401,0,74,27
1801,0,12,28
1801,0,10,28
1801,0,3,28
1801,0,1,28
1801,0,9,28
1801,0,1,28
1801,0,4,28
1801,0,10,28
1861,0,12,28
1861,0,10,28
1861,0,23,28
1861,0,1,28
1861,0,9,28
1861,0,1,28
1861,0,4,28
1861,0,10,28
1921,0,12,28
1921,0,10,28
1921,0,23,28
1921,0,1,28
1921,0,9,28
1921,0,1,28
1921,0,4,28
1921,0,10,28
2401,0,12,28
2401,0,10,28
2401,0,23,28
2401,0,1,28
2401,0,9,28
2401,0,1,28
2401,0,4,28
2401,0,10,28
1801,0,30,29
1801,0,10,29
1801,0,18,29
1801,0,2,29
1801,0,11,29
1801,0,12,29
1801,0,7,29
1861,0,30,29
1861,0,10,29
1861,0,18,29
1861,0,2,29
1861,0,11,29
1861,0,12,29
1861,0,7,29
1921,0,30,29
1921,0,10,29
1921,0,18,29
1921,0,2,29
1921,0,11,29
1921,0,12,29
1921,0,7,29
2401,0,30,29
2401,0,10,29
2401,0,18,29
2401,0,2,29
2401,0,11,29
2401,0,12,29
2401,0,7,29
1801,0,1,30
1801,0,8,30
1801,0,17,30
1801,0,3,30
1801,0,4,30
1801,0,17,30
1801,0,12,30
1801,0,20,30
1801,0,1,30
1801,0,13,30
1861,0,1,30
1861,0,8,30
1861,0,17,30
1861,0,3,30
1861,0,4,30
1861,0,17,30
1861,0,12,30
1861,0,20,30
1861,0,1,30
1861,0,13,30
1921,0,1,30
1921,0,8,30
1921,0,17,30
1921,0,3,30
1921,0,4,30
1921,0,17,30
1921,0,12,30
1921,0,20,30
1921,0,1,30
1921,0,13,30
2401,0,1,30
2401,0,8,30
2401,0,17,30
2401,0,3,30
2401,0,4,30
2401,0,17,30
2401,0,12,30
2401,0,20,30
2401,0,1,30
2401,0,23,30
1801,0,2,31
1801,0,16,31
1801,0,5,31
1801,0,20,31
1801,0,10,31
1801,0,1,31
1801,0,17,31
1801,0,37,31
1861,0,2,31
1861,0,26,31
1861,0,5,31
1861,0,20,31
1861,0,10,31
1861,0,1,31
1861,0,17,31
1861,0,37,31
1921,0,2,31
1921,0,16,31
1921,0,5,31
1921,0,20,31
1921,0,10,31
1921,0,1,31
1921,0,17,31
1921,0,37,31
2401,0,2,31
2401,0,16,31
2401,0,5,31
2401,0,20,31
2401,0,10,31
2401,0,48,31
2401,0,37,31
1801,0,38,32
1801,0,3,32
1801,0,9,32
1801,0,1,32
1801,0,1,32
1801,0,5,32
1801,0,3,32
1801,0,1,32
1801,0,9,32
1861,0,38,32
1861,0,3,32
1861,0,9,32
1861,0,1,32
1861,0,1,32
1861,0,28,32
1861,0,1,32
1861,0,9,32
1921,0,38,32
1921,0,3,32
1921,0,9,32
1921,0,1,32
1921,0,1,32
1921,0,28,32
1921,0,1,32
1921,0,9,32
2401,0,38,32
2401,0,3,32
2401,0,9,32
2401,0,1,32
2401,0,1,32
2401,0,28,32
2401,0,40,32
1801,0,7,33
1801,0,13,33
1801,0,20,33
1801,0,3,33
1801,0,1,33
1801,0,1,33
1801,0,3,33
1801,0,15,33
1801,0,25,33
1861,0,7,33
1861,0,13,33
1861,0,20,33
1861,0,3,33
1861,0,1,33
1861,0,1,33
1861,0,3,33
1861,0,15,33
1861,0,25,33
1921,0,7,33
1921,0,13,33
1921,0,20,33
1921,0,3,33
1921,0,1,33
1921,0,1,33
1921,0,3,33
1921,0,15,33
1921,0,25,33
2401,0,7,33
2401,0,13,33
2401,0,20,33
2401,0,3,33
2401,0,1,33
2401,0,1,33
2401,0,3,33
2401,0,15,33
2401,0,25,33
1801,0,14,34
1801,0,1,34
1801,0,17,34
1801,0,2,34
1801,0,1,34
1801,0,16,34
1801,0,9,34
1861,0,14,34
1861,0,1,34
1861,0,17,34
1861,0,2,34
1861,0,1,34
1861,0,16,34
1861,0,9,34
1921,0,14,34
1921,0,1,34
1921,0,17,34
1921,0,2,34
1921,0,1,34
1921,0,16,34
1921,0,9,34
2401,0,14,34
2401,0,1,34
2401,0,17,34
2401,0,2,34
2401,0,1,34
2401,0,16,34
2401,0,9,34
1801,0,5,35
1801,0,14,35
1801,0,18,35
1801,0,22,35
1801,0,3,35
1801,0,18,35
1801,0,10,35
1861,0,5,35
1861,0,14,35
1861,0,18,35
1861,0,22,35
1861,0,3,35
1861,0,18,35
1861,0,10,35
1921,0,5,35
1921,0,14,35
1921,0,18,35
1921,0,22,35
1921,0,3,35
1921,0,18,35
1921,0,10,35
2401,0,5,35
2401,0,14,35
2401,0,70,35
2401,0,3,35
2401,0,18,35
2401,0,10,35
1801,0,11,36
1801,0,1,36
1801,0,1,36
1801,0,2,36
1801,0,15,36
1801,0,10,36
1801,0,9,36
1801,0,6,36
1801,0,5,36
1861,0,11,36
1861,0,1,36
1861,0,1,36
1861,0,2,36
1861,0,15,36
1861,0,10,36
1861,0,9,36
1861,0,6,36
1861,0,5,36
1921,0,11,36
1921,0,1,36
1921,0,1,36
1921,0,2,36
1921,0,15,36
1921,0,10,36
1921,0,9,36
1921,0,6,36
1921,0,5,36
2401,0,11,36
2401,0,1,36
2401,0,1,36
2401,0,2,36
2401,0,15,36
2401,0,10,36
2401,0,9,36
2401,0,6,36
2401,0,5,36
1801,0,2,37
1801,0,14,37
1801,0,15,37
1801,0,15,37
1801,0,15,37
1801,0,6,37
1801,0,12,37
1801,0,1,37
1801,0,10,37
1861,0,2,37
1861,0,4,37
1861,0,15,37
1861,0,15,37
1861,0,15,37
1861,0,6,37
1861,0,12,37
1861,0,1,37
1861,0,10,37
1921,0,2,37
1921,0,4,37
1921,0,15,37
1921,0,15,37
1921,0,15,37
1921,0,6,37
1921,0,12,37
1921,0,1,37
1921,0,10,37
2401,0,2,37
2401,0,4,37
2401,0,15,37
2401,0,15,37
2401,0,15,37
2401,0,6,37
2401,0,12,37
2401,0,1,37
2401,0,10,37
1801,0,9,38
1801,0,8,38
1801,0,2,38
1801,0,3,38
1801,0,40,38
1801,0,5,38
1801,0,1,38
1861,0,9,38
1861,0,8,38
1861,0,10,38
1861,0,2,38
1861,0,3,38
1861,0,40,38
1861,0,5,38
1861,0,1,38
1921,0,9,38
1921,0,8,38
1921,0,2,38
1921,0,3,38
1921,0,40,38
1921,0,5,38
1921,0,1,38
2401,0,9,38
2401,0,8,38
2401,0,2,38
2401,0,3,38
2401,0,40,38
2401,0,5,38
2401,0,1,38
1801,0,1,39
1801,0,10,39
1801,0,22,39
1801,0,5,39
1801,0,20,39
1801,0,2,39
1861,0,1,39
1861,0,10,39
1861,0,22,39
1861,0,5,39
1861,0,20,39
1861,0,2,39
1921,0,1,39
1921,0,10,39
1921,0,22,39
1921,0,5,39
1921,0,20,39
1921,0,2,39
2401,0,1,39
2401,0,10,39
2401,0,22,39
2401,0,5,39
2401,0,20,39
2401,0,2,39
1801,0,8,40
1801,0,1,40
1801,0,41,40
1801,0,2,40
1801,0,20,40
1801,0,12,40
1801,0,12,40
1801,0,12,40
1861,0,8,40
1861,0,1,40
1861,0,41,40
1861,0,12,40
1861,0,20,40
1861,0,12,40
1861,0,12,40
1861,0,12,40
1921,0,8,40
1921,0,1,40
1921,0,41,40
1921,0,2,40
1921,0,20,40
1921,0,12,40
1921,0,12,40
1921,0,12,40
2401,0,8,40
2401,0,1,40
2401,0,41,40
2401,0,2,40
2401,0,20,40
2401,0,12,40
2401,0,12,40
2401,0,12,40
1801,4,5,41
1801,4,15,41
1801,4,1,41
1801,4,9,41
1801,4,16,41
1801,4,6,41
1801,4,4,41
1801,4,14,41
1861,4,25,41
1861,4,15,41
1861,4,1,41
1861,4,9,41
1861,4,16,41
1861,4,6,41
1861,4,4,41
1861,4,14,41
1921,4,3,41
1921,4,2,41
1921,4,15,41
1921,4,1,41
1921,4,9,41
1921,4,16,41
1921,4,6,41
1921,4,4,41
1921,4,14,41
2401,4,3,41
2401,4,15,41
2401,4,1,41
2401,4,9,41
2401,4,16,41
2401,4,6,41
2401,4,4,41
2401,4,14,41
1801,4,16,42
1801,4,5,42
1801,4,20,42
1801,4,10,42
1801,4,20,42
1801,4,2,42
1801,4,4,42
1801,4,18,42
1801,4,3,42
1861,4,16,42
1861,4,5,42
1861,4,20,42
1861,4,10,42
1861,4,20,42
1861,4,2,42
1861,4,4,42
1861,4,18,42
1861,4,3,42
1921,4,16,42
1921,4,5,42
1921,4,20,42
1921,4,10,42
1921,4,20,42
1921,4,2,42
1921,4,4,42
1921,4,18,42
1921,4,1,42
1921,4,2,42
2401,4,9,42
2401,4,12,42
2401,4,15,42
2401,4,15,42
2401,4,10,42
2401,4,6,42
2401,4,1,42
2401,4,21,42
2401,4,23,42
1801,4,5,43
1801,4,6,43
1801,4,1,43
1801,4,4,43
1801,4,3,43
1801,4,2,43
1801,4,14,43
1801,4,14,43
1801,4,11,43
1861,4,5,43
1861,4,6,43
1861,4,1,43
1861,4,4,43
1861,4,3,43
1861,4,2,43
1861,4,14,43
1861,4,14,43
1861,4,11,43
1921,4,5,43
1921,4,6,43
1921,4,1,43
1921,4,4,43
1921,4,3,43
1921,4,2,43
1921,4,14,43
1921,4,14,43
1921,4,11,43
2401,4,5,43
2401,4,6,43
2401,4,1,43
2401,4,4,43
2401,4,3,43
2401,4,1,43
2401,4,2,43
2401,4,3,43
2401,4,14,43
2401,4,11,43
1801,4,9,44
1801,4,18,44
1801,4,12,44
1801,4,9,44
1801,4,2,44
1801,4,3,44
1801,4,7,44
1861,4,9,44
1861,4,18,44
1861,4,12,44
1861,4,9,44
1861,4,2,44
1861,4,3,44
1861,4,7,44
1921,4,9,44
1921,4,18,44
1921,4,12,44
1921,4,9,44
1921,4,2,44
1921,4,3,44
1921,4,7,44
2401,4,9,44
2401,4,18,44
2401,4,12,44
2401,4,9,44
2401,4,2,44
2401,4,3,44
2401,4,7,44
1801,4,4,45
1801,4,4,45
1801,4,21,45
1801,4,3,45
1801,4,13,45
1801,4,1,45
1801,4,24,45
1861,4,4,45
1861,4,4,45
1861,4,21,45
1861,4,3,45
1861,4,13,45
1861,4,1,45
1861,4,3,45
1861,4,1,45
1921,4,4,45
1921,4,4,45
1921,4,1,45
1921,4,3,45
1921,4,13,45
1921,4,1,45
1921,4,3,45
1921,4,1,45
2401,4,3,45
2401,4,5,45
2401,4,21,45
2401,4,3,45
2401,4,13,45
2401,4,1,45
2401,4,1,45
2401,4,3,45
1801,4,2,46
1801,4,11,46
1801,4,17,46
1801,4,12,46
1801,4,12,46
1801,4,20,46
1801,4,30,46
1801,4,14,46
1861,4,2,46
1861,4,11,46
1861,4,17,46
1861,4,12,46
1861,4,22,46
1861,4,20,46
1861,4,10,46
1861,4,14,46
1921,4,2,46
1921,4,11,46
1921,4,17,46
1921,4,12,46
1921,4,12,46
1921,4,20,46
1921,4,10,46
1921,4,14,46
2401,4,2,46
2401,4,14,46
2401,4,14,46
2401,4,12,46
2401,4,12,46
2401,4,30,46
2401,4,14,46
1801,4,19,47
1801,4,1,47
1801,4,4,47
1801,4,6,47
1801,4,4,47
1801,4,6,47
1801,4,20,47
1801,4,3,47
1801,4,1,47
1861,4,19,47
1861,4,1,47
1861,4,4,47
1861,4,6,47
1861,4,24,47
1861,4,6,47
1861,4,3,47
1861,4,1,47
1921,4,40,47
1921,4,4,47
1921,4,6,47
1921,4,24,47
1921,4,6,47
1921,4,3,47
1921,4,1,47
2401,4,2,47
2401,4,8,47
2401,4,4,47
2401,4,6,47
2401,4,10,47
2401,4,16,47
2401,4,5,47
2401,4,5,47
2401,4,13,47
2401,4,1,47
1801,4,20,48
1801,4,26,48
1801,4,3,48
1801,4,3,48
1801,4,9,48
1801,4,12,48
1801,4,20,48
1801,4,7,48
1861,4,20,48
1861,4,26,48
1861,4,3,48
1861,4,3,48
1861,4,9,48
1861,4,12,48
1861,4,2,48
1861,4,2,48
1861,4,3,48
1921,4,20,48
1921,4,5,48
1921,4,1,48
1921,4,3,48
1921,4,3,48
1921,4,9,48
1921,4,12,48
1921,4,2,48
1921,4,15,48
2401,4,10,48
2401,4,20,48
2401,4,4,48
2401,4,2,48
2401,4,9,48
2401,4,12,48
2401,4,17,48
1801,4,4,49
1801,4,2,49
1801,4,8,49
1801,4,31,49
1801,4,18,49
1801,4,20,49
1801,4,7,49
1861,4,4,49
1861,4,2,49
1861,4,8,49
1861,4,7,49
1861,4,4,49
1861,4,18,49
1861,4,7,49
1921,4,4,49
1921,4,2,49
1921,4,8,49
1921,4,7,49
1921,4,4,49
1921,4,18,49
1921,4,7,49
2401,4,4,49
2401,4,2,49
2401,4,8,49
2401,4,1,49
2401,4,18,49
2401,4,20,49
2401,4,7,49
1801,4,5,50
1801,4,11,50
1801,4,20,50
1801,4,12,50
1801,4,1,50
1801,4,8,50
1801,4,6,50
1801,4,25,50
1861,4,5,50
1861,4,11,50
1861,4,20,50
1861,4,12,50
1861,4,1,50
1861,4,8,50
1861,4,6,50
1861,4,5,50
1921,4,5,50
1921,4,11,50
1921,4,15,50
1921,4,5,50
1921,4,1,50
1921,4,8,50
1921,4,6,50
1921,4,20,50
1921,4,5,50
2401,4,5,50
2401,4,11,50
2401,4,9,50
2401,4,1,50
2401,4,1,50
2401,4,8,50
2401,4,6,50
2401,4,20,50
2401,4,5,50
1801,4,14,51
1801,4,33,51
1801,4,2,51
1801,4,2,51
1801,4,15,51
1801,4,9,51
1801,4,15,51
1801,4,10,51
1861,4,14,51
1861,4,12,51
1861,4,1,51
1861,4,2,51
1861,4,2,51
1861,4,15,51
1861,4,9,51
1861,4,15,51
1921,4,14,51
1921,4,33,51
1921,4,2,51
1921,4,2,51
1921,4,15,51
1921,4,9,51
1921,4,15,51
2401,4,14,51
2401,4,3,51
2401,4,2,51
2401,4,2,51
2401,4,15,51
2401,4,9,51
2401,4,15,51
1801,4,1,52
1801,4,4,52
1801,4,40,52
1801,4,11,52
1801,4,5,52
1801,4,2,52
1801,4,9,52
1801,4,24,52
1861,4,25,52
1861,4,17,52
1861,4,3,52
1861,4,11,52
1861,4,5,52
1861,4,2,52
1861,4,9,52
1861,4,1,52
1861,4,3,52
1921,4,1,52
1921,4,40,52
1921,4,11,52
1921,4,5,52
1921,4,2,52
1921,4,9,52
1921,4,24,52
2401,4,1,52
2401,4,20,52
2401,4,11,52
2401,4,5,52
2401,4,2,52
2401,4,9,52
2401,4,2,52
2401,4,2,52
1801,4,10,53
1801,4,15,53
1801,4,13,53
1801,4,22,53
1801,4,14,53
1801,4,11,53
1801,4,2,53
1801,4,3,53
1861,4,10,53
1861,4,15,53
1861,4,13,53
1861,4,22,53
1861,4,14,53
1861,4,11,53
1861,4,2,53
1861,4,3,53
1921,4,10,53
1921,4,15,53
1921,4,13,53
1921,4,16,53
1921,4,6,53
1921,4,14,53
1921,4,11,53
1921,4,2,53
1921,4,3,53
2401,4,10,53
2401,4,15,53
2401,4,13,53
2401,4,20,53
2401,4,9,53
2401,4,16,53
2401,4,13,53
1801,4,1,54
1801,4,2,54
1801,4,2,54
1801,4,13,54
1801,4,11,54
1801,4,9,54
1801,4,2,54
1801,4,11,54
1801,4,9,54
1861,4,1,54
1861,4,22,54
1861,4,13,54
1861,4,11,54
1861,4,9,54
1861,4,2,54
1861,4,11,54
1861,4,9,54
1921,4,1,54
1921,4,2,54
1921,4,13,54
1921,4,11,54
1921,4,9,54
1921,4,2,54
1921,4,11,54
1921,4,9,54
2401,4,1,54
2401,4,13,54
2401,4,11,54
2401,4,9,54
2401,4,2,54
2401,4,11,54
2401,4,9,54
1801,4,2,55
1801,4,3,55
1801,4,8,55
1801,4,9,55
1801,4,1,55
1801,4,1,55
1801,4,3,55
1801,4,11,55
1801,4,7,55
1801,4,11,55
1861,4,2,55
1861,4,3,55
1861,4,8,55
1861,4,9,55
1861,4,1,55
1861,4,1,55
1861,4,3,55
1861,4,11,55
1861,4,7,55
1861,4,11,55
1921,4,2,55
1921,4,3,55
1921,4,8,55
1921,4,9,55
1921,4,1,55
1921,4,1,55
1921,4,3,55
1921,4,21,55
1921,4,7,55
1921,4,11,55
2401,4,2,55
2401,4,3,55
2401,4,8,55
2401,4,9,55
2401,4,1,55
2401,4,24,55
2401,4,11,55
2401,4,7,55
2401,4,11,55
1801,4,2,56
1801,4,9,56
1801,4,18,56
1801,4,6,56
1801,4,24,56
1801,4,15,56
1801,4,13,56
1801,4,23,56
1861,4,2,56
1861,4,9,56
1861,4,18,56
1861,4,6,56
1861,4,24,56
1861,4,15,56
1861,4,13,56
1861,4,23,56
1921,4,2,56
1921,4,9,56
1921,4,18,56
1921,4,6,56
1921,4,1,56
1921,4,3,56
1921,4,15,56
1921,4,13,56
1921,4,23,56
2401,4,6,56
2401,4,5,56
2401,4,18,56
2401,4,6,56
2401,4,2,56
2401,4,15,56
2401,4,13,56
2401,4,2,56
2401,4,1,56
1801,4,5,57
1801,4,6,57
1801,4,21,57
1801,4,9,57
1801,4,5,57
1801,4,13,57
1801,4,3,57
1801,4,9,57
1801,4,7,57
1861,4,5,57
1861,4,6,57
1861,4,21,57
1861,4,9,57
1861,4,5,57
1861,4,23,57
1861,4,3,57
1861,4,9,57
1861,4,7,57
1921,4,5,57
1921,4,6,57
1921,4,21,57
1921,4,9,57
1921,4,5,57
1921,4,13,57
1921,4,3,57
1921,4,9,57
1921,4,7,57
2401,4,5,57
2401,4,6,57
2401,4,3,57
2401,4,9,57
2401,4,5,57
2401,4,13,57
2401,4,3,57
2401,4,9,57
2401,4,7,57
1801,4,3,58
1801,4,6,58
1801,4,5,58
1801,4,18,58
1801,4,10,58
1801,4,8,58
1801,4,5,58
1801,4,2,58
1801,4,3,58
1861,4,3,58
1861,4,6,58
1861,4,5,58
1861,4,18,58
1861,4,10,58
1861,4,8,58
1861,4,5,58
1861,4,2,58
1861,4,3,58
1921,4,3,58
1921,4,6,58
1921,4,5,58
1921,4,18,58
1921,4,10,58
1921,4,8,58
1921,4,5,58
1921,4,2,58
1921,4,3,58
2401,4,3,58
2401,4,6,58
2401,4,5,58
2401,4,18,58
2401,4,10,58
2401,4,1,58
2401,4,12,58
2401,4,2,58
2401,4,3,58
1801,4,2,59
1801,4,5,59
1801,4,1,59
1801,4,17,59
1801,4,14,59
1801,4,17,59
1801,4,3,59
1801,4,1,59
1861,4,2,59
1861,4,5,59
1861,4,1,59
1861,4,17,59
1861,4,14,59
1861,4,17,59
1861,4,3,59
1861,4,1,59
1921,4,2,59
1921,4,5,59
1921,4,1,59
1921,4,17,59
1921,4,14,59
1921,4,17,59
1921,4,3,59
1921,4,1,59
2401,4,2,59
2401,4,5,59
2401,4,1,59
2401,4,17,59
2401,4,14,59
2401,4,17,59
2401,4,3,59
2401,4,1,59
1801,4,4,60
1801,4,10,60
1801,4,10,60
1801,4,2,60
1801,4,3,60
1801,4,3,60
1801,4,3,60
1801,4,8,60
1801,4,17,60
1861,4,4,60
1861,4,10,60
1861,4,10,60
1861,4,2,60
1861,4,3,60
1861,4,3,60
1861,4,23,60
1861,4,17,60
1921,4,4,60
1921,4,10,60
1921,4,10,60
1921,4,2,60
1921,4,3,60
1921,4,3,60
1921,4,3,60
1921,4,17,60
2401,4,4,60
2401,4,10,60
2401,4,10,60
2401,4,2,60
2401,4,3,60
2401,4,3,60
2401,4,20,60
2401,4,1,60
2401,4,17,60
1801,4,1,61
1801,4,3,61
1801,4,5,61
1801,4,12,61
1801,4,2,61
1801,4,15,61
1801,4,10,61
1801,4,20,61
1801,4,6,61
1861,4,24,61
1861,4,5,61
1861,4,12,61
1861,4,2,61
1861,4,15,61
1861,4,10,61
1861,4,20,61
1861,4,6,61
1921,4,2,61
1921,4,2,61
1921,4,5,61
1921,4,12,61
1921,4,20,61
1921,4,15,61
1921,4,10,61
1921,4,20,61
1921,4,6,61
2401,4,5,61
2401,4,12,61
2401,4,20,61
2401,4,2,61
2401,4,15,61
2401,4,10,61
2401,4,20,61
2401,4,6,61
1801,4,3,62
1801,4,8,62
1801,4,20,62
1801,4,19,62
1801,4,16,62
1801,4,7,62
1801,4,1,62
1861,4,3,62
1861,4,8,62
1861,4,20,62
1861,4,19,62
1861,4,16,62
1861,4,7,62
1861,4,1,62
1921,4,3,62
1921,4,8,62
1921,4,19,62
1921,4,16,62
1921,4,7,62
1921,4,1,62
2401,4,3,62
2401,4,20,62
2401,4,10,62
2401,4,26,62
2401,4,19,62
2401,4,16,62
2401,4,7,62
2401,4,1,62
1801,4,1,63
1801,4,19,63
1801,4,7,63
1801,4,7,63
1801,4,2,63
1801,4,4,63
1801,4,20,63
1861,4,1,63
1861,4,19,63
1861,4,7,63
1861,4,7,63
1861,4,2,63
1861,4,24,63
1921,4,1,63
1921,4,19,63
1921,4,7,63
1921,4,7,63
1921,4,23,63
1921,4,3,63
1921,4,20,63
2401,4,1,63
2401,4,19,63
2401,4,7,63
2401,4,7,63
2401,4,3,63
2401,4,3,63
2401,4,20,63
1801,4,6,64
1801,4,9,64
1801,4,14,64
1801,4,2,64
1801,4,26,64
1801,4,15,64
1801,4,3,64
1801,4,15,64
1861,4,6,64
1861,4,9,64
1861,4,14,64
1861,4,2,64
1861,4,20,64
1861,4,15,64
1861,4,3,64
1861,4,15,64
1921,4,6,64
1921,4,9,64
1921,4,24,64
1921,4,2,64
1921,4,20,64
1921,4,15,64
1921,4,3,64
1921,4,15,64
2401,4,3,64
2401,4,12,64
2401,4,14,64
2401,4,2,64
2401,4,7,64
2401,4,3,64
2401,4,7,64
2401,4,17,64
2401,4,6,64
2401,4,5,64
1801,4,9,65
1801,4,9,65
1801,4,8,65
1801,4,2,65
1801,4,18,65
1801,4,19,65
1801,4,4,65
1801,4,10,65
1801,4,11,65
1861,4,9,65
1861,4,9,65
1861,4,8,65
1861,4,2,65
1861,4,18,65
1861,4,19,65
1861,4,4,65
1861,4,10,65
1861,4,11,65
1921,4,9,65
1921,4,9,65
1921,4,8,65
1921,4,2,65
1921,4,18,65
1921,4,19,65
1921,4,4,65
1921,4,10,65
1921,4,11,65
2401,4,9,65
2401,4,9,65
2401,4,8,65
2401,4,2,65
2401,4,18,65
2401,4,19,65
2401,4,4,65
2401,4,10,65
2401,4,11,65
1801,4,22,66
1801,4,5,66
1801,4,19,66
1801,4,11,66
1801,4,14,66
1801,4,20,66
1801,4,1,66
1801,4,3,66
1801,4,1,66
1861,4,22,66
1861,4,5,66
1861,4,19,66
1861,4,21,66
1861,4,14,66
1861,4,12,66
1861,4,13,66
1921,4,22,66
1921,4,5,66
1921,4,19,66
1921,4,11,66
1921,4,14,66
1921,4,10,66
1921,4,13,66
2401,4,1,66
2401,4,11,66
2401,4,5,66
2401,4,19,66
2401,4,11,66
2401,4,14,66
2401,4,6,66
2401,4,13,66
1801,4,19,67
1801,4,2,67
1801,4,20,67
1801,4,2,67
1801,4,11,67
1801,4,6,67
1801,4,10,67
1801,4,9,67
1801,4,11,67
1861,4,19,67
1861,4,2,67
1861,4,20,67
1861,4,2,67
1861,4,11,67
1861,4,6,67
1861,4,10,67
1861,4,9,67
1861,4,11,67
1921,4,19,67
1921,4,2,67
1921,4,20,67
1921,4,2,67
1921,4,11,67
1921,4,6,67
1921,4,10,67
1921,4,9,67
1921,4,11,67
2401,4,19,67
2401,4,2,67
2401,4,4,67
2401,4,3,67
2401,4,6,67
2401,4,20,67
2401,4,10,67
2401,4,9,67
2401,4,11,67
1801,4,17,68
1801,4,31,68
1801,4,1,68
1801,4,6,68
1801,4,8,68
1801,4,2,68
1801,4,13,68
1801,4,1,68
1801,4,1,68
1861,4,17,68
1861,4,8,68
1861,4,3,68
1861,4,1,68
1861,4,6,68
1861,4,8,68
1861,4,2,68
1861,4,13,68
1861,4,1,68
1861,4,1,68
1921,4,17,68
1921,4,8,68
1921,4,3,68
1921,4,4,68
1921,4,3,68
1921,4,8,68
1921,4,2,68
1921,4,13,68
1921,4,2,68
2401,4,17,68
2401,4,1,68
2401,4,20,68
2401,4,3,68
2401,4,8,68
2401,4,2,68
2401,4,13,68
2401,4,20,68
1801,4,2,69
1801,4,4,69
1801,4,10,69
1801,4,5,69
1801,4,8,69
1801,4,15,69
1801,4,9,69
1801,4,7,69
1861,4,2,69
1861,4,4,69
1861,4,10,69
1861,4,5,69
1861,4,8,69
1861,4,15,69
1861,4,9,69
1861,4,7,69
1921,4,2,69
1921,4,4,69
1921,4,10,69
1921,4,5,69
1921,4,8,69
1921,4,15,69
1921,4,9,69
1921,4,7,69
2401,4,2,69
2401,4,4,69
2401,4,10,69
2401,4,5,69
2401,4,8,69
2401,4,15,69
2401,4,9,69
2401,4,7,69
1801,4,12,70
1801,4,15,70
1801,4,8,70
1801,4,16,70
1801,4,20,70
1801,4,1,70
1801,4,5,70
1801,4,20,70
1801,4,9,70
1861,4,12,70
1861,4,15,70
1861,4,8,70
1861,4,16,70
1861,4,1,70
1861,4,5,70
1861,4,20,70
1861,4,9,70
1921,4,12,70
1921,4,15,70
1921,4,8,70
1921,4,16,70
1921,4,20,70
1921,4,1,70
1921,4,5,70
1921,4,24,70
1921,4,9,70
2401,4,12,70
2401,4,15,70
2401,4,20,70
2401,4,4,70
2401,4,20,70
2401,4,1,70
2401,4,5,70
2401,4,9,70
2401,4,5,70
2401,4,9,70
1801,4,7,71
1801,4,11,71
1801,4,10,71
1801,4,8,71
1801,4,10,71
1801,4,14,71
1861,4,7,71
1861,4,11,71
1861,4,10,71
1861,4,8,71
1861,4,10,71
1861,4,14,71
1921,4,7,71
1921,4,11,71
1921,4,10,71
1921,4,8,71
1921,4,10,71
1921,4,14,71
2401,4,7,71
2401,4,11,71
2401,4,10,71
2401,4,8,71
2401,4,10,71
2401,4,9,71
2401,4,5,71
1801,4,9,72
1801,4,20,72
1801,4,2,72
1801,4,1,72
1801,4,23,72
1801,4,7,72
1801,4,18,72
1801,4,12,72
1861,4,9,72
1861,4,10,72
1861,4,2,72
1861,4,1,72
1861,4,23,72
1861,4,7,72
1861,4,18,72
1861,4,12,72
1921,4,9,72
1921,4,10,72
1921,4,1,72
1921,4,10,72
1921,4,2,72
1921,4,1,72
1921,4,7,72
1921,4,18,72
1921,4,12,72
2401,4,9,72
2401,4,2,72
2401,4,28,72
2401,4,1,72
2401,4,1,72
2401,4,7,72
2401,4,12,72
1801,4,4,73
1801,4,4,73
1801,4,8,73
1801,4,2,73
1801,4,1,73
1801,4,9,73
1801,4,4,73
1801,4,9,73
1801,4,1,73
1861,4,4,73
1861,4,4,73
1861,4,8,73
1861,4,2,73
1861,4,1,73
1861,4,9,73
1861,4,4,73
1861,4,9,73
1861,4,1,73
1921,4,4,73
1921,4,4,73
1921,4,8,73
1921,4,2,73
1921,4,1,73
1921,4,9,73
1921,4,4,73
1921,4,9,73
1921,4,1,73
2401,4,14,73
2401,4,4,73
2401,4,8,73
2401,4,2,73
2401,4,1,73
2401,4,19,73
2401,4,4,73
2401,4,19,73
2401,4,1,73
1801,4,12,74
1801,4,11,74
1801,4,20,74
1801,4,1,74
1801,4,14,74
1801,4,2,74
1801,4,4,74
1861,4,12,74
1861,4,11,74
1861,4,20,74
1861,4,10,74
1861,4,1,74
1861,4,14,74
1861,4,2,74
1861,4,4,74
1921,4,29,74
1921,4,4,74
1921,4,20,74
1921,4,10,74
1921,4,1,74
1921,4,14,74
1921,4,2,74
1921,4,20,74
1921,4,4,74
2401,4,6,74
2401,4,17,74
2401,4,10,74
2401,4,26,74
2401,4,1,74
2401,4,14,74
2401,4,2,74
2401,4,5,74
2401,4,9,74
1801,4,2,75
1801,4,4,75
1801,4,1,75
1801,4,24,75
1801,4,7,75
1801,4,8,75
1801,4,15,75
1801,4,1,75
1801,4,2,75
1861,4,2,75
1861,4,14,75
1861,4,1,75
1861,4,24,75
1861,4,7,75
1861,4,8,75
1861,4,15,75
1861,4,1,75
1861,4,2,75
1921,4,2,75
1921,4,4,75
1921,4,1,75
1921,4,24,75
1921,4,7,75
1921,4,8,75
1921,4,15,75
1921,4,1,75
1921,4,2,75
2401,4,2,75
2401,4,14,75
2401,4,1,75
2401,4,4,75
2401,4,7,75
2401,4,5,75
2401,4,18,75
2401,4,23,75
1801,4,3,76
1801,4,17,76
1801,4,14,76
1801,4,10,76
1801,4,5,76
1801,4,4,76
1801,4,23,76
1801,4,11,76
1801,4,1,76
1861,4,3,76
1861,4,17,76
1861,4,14,76
1861,4,10,76
1861,4,5,76
1861,4,4,76
1861,4,23,76
1861,4,11,76
1861,4,1,76
1921,4,3,76
1921,4,17,76
1921,4,14,76
1921,4,10,76
1921,4,5,76
1921,4,4,76
1921,4,23,76
1921,4,11,76
1921,4,1,76
2401,4,3,76
2401,4,17,76
2401,4,14,76
2401,4,10,76
2401,4,5,76
2401,4,4,76
2401,4,20,76
2401,4,3,76
2401,4,20,76
2401,4,8,76
1801,4,16,77
1801,4,14,77
1801,4,23,77
1801,4,1,77
1801,4,11,77
1801,4,3,77
1801,4,4,77
1861,4,16,77
1861,4,14,77
1861,4,13,77
1861,4,1,77
1861,4,11,77
1861,4,3,77
1861,4,4,77
1921,4,16,77
1921,4,14,77
1921,4,13,77
1921,4,1,77
1921,4,11,77
1921,4,3,77
1921,4,4,77
2401,4,16,77
2401,4,14,77
2401,4,13,77
2401,4,1,77
2401,4,10,77
2401,4,11,77
2401,4,3,77
2401,4,4,77
1801,4,3,78
1801,4,10,78
1801,4,18,78
1801,4,14,78
1801,4,5,78
1801,4,2,78
1801,4,2,78
1801,4,1,78
1801,4,5,78
1861,4,3,78
1861,4,10,78
1861,4,18,78
1861,4,14,78
1861,4,5,78
1861,4,2,78
1861,4,2,78
1861,4,1,78
1861,4,5,78
1921,4,3,78
1921,4,10,78
1921,4,18,78
1921,4,14,78
1921,4,5,78
1921,4,2,78
1921,4,2,78
1921,4,1,78
1921,4,5,78
2401,4,3,78
2401,4,10,78
2401,4,18,78
2401,4,14,78
2401,4,5,78
2401,4,2,78
2401,4,2,78
2401,4,1,78
2401,4,5,78
1801,4,8,79
1801,4,3,79
1801,4,9,79
1801,4,14,79
1801,4,1,79
1801,4,2,79
1801,4,7,79
1801,4,1,79
1801,4,15,79
1861,4,8,79
1861,4,3,79
1861,4,9,79
1861,4,14,79
1861,4,1,79
1861,4,2,79
1861,4,7,79
1861,4,1,79
1861,4,15,79
1921,4,8,79
1921,4,3,79
1921,4,9,79
1921,4,14,79
1921,4,1,79
1921,4,2,79
1921,4,7,79
1921,4,1,79
1921,4,25,79
2401,4,8,79
2401,4,3,79
2401,4,9,79
2401,4,24,79
2401,4,1,79
2401,4,2,79
2401,4,7,79
2401,4,1,79
2401,4,15,79
1801,4,10,80
1801,4,21,80
1801,4,10,80
1801,4,18,80
1801,4,3,80
1801,4,5,80
1801,4,9,80
1861,4,10,80
1861,4,21,80
1861,4,10,80
1861,4,18,80
1861,4,3,80
1861,4,5,80
1861,4,9,80
1921,4,10,80
1921,4,21,80
1921,4,10,80
1921,4,18,80
1921,4,3,80
1921,4,5,80
1921,4,9,80
2401,4,10,80
2401,4,1,80
2401,4,10,80
2401,4,10,80
2401,4,18,80
2401,4,3,80
2401,4,5,80
2401,4,9,80
1801,10,1,81
1801,10,32,81
1801,10,13,81
1801,10,2,81
1801,10,8,81
1801,10,6,81
1801,10,10,81
1801,10,6,81
1861,10,1,81
1861,10,22,81
1861,10,13,81
1861,10,2,81
1861,10,8,81
1861,10,6,81
1861,10,10,81
1861,10,6,81
1921,10,1,81
1921,10,1,81
1921,10,1,81
1921,10,13,81
1921,10,2,81
1921,10,8,81
1921,10,6,81
1921,10,10,81
1921,10,6,81
2401,10,20,81
2401,10,4,81
2401,10,11,81
2401,10,2,81
2401,10,1,81
2401,10,23,81
2401,10,1,81
2401,10,6,81
2401,10,10,81
2401,10,6,81
1801,10,5,82
1801,10,2,82
1801,10,10,82
1801,10,4,82
1801,10,21,82
1801,10,2,82
1801,10,8,82
1801,10,3,82
1801,10,17,82
1861,10,5,82
1861,10,2,82
1861,10,1,82
1861,10,10,82
1861,10,2,82
1861,10,18,82
1861,10,3,82
1861,10,17,82
1921,10,5,82
1921,10,2,82
1921,10,1,82
1921,10,10,82
1921,10,2,82
1921,10,8,82
1921,10,3,82
1921,10,17,82
2401,10,5,82
2401,10,2,82
2401,10,10,82
2401,10,6,82
2401,10,1,82
2401,10,10,82
2401,10,2,82
2401,10,8,82
2401,10,3,82
2401,10,17,82
1801,10,11,83
1801,10,14,83
1801,10,20,83
1801,10,20,83
1801,10,13,83
1801,10,10,83
1801,10,17,83
1801,10,11,83
1861,10,11,83
1861,10,14,83
1861,10,20,83
1861,10,20,83
1861,10,13,83
1861,10,10,83
1861,10,17,83
1861,10,11,83
1921,10,11,83
1921,10,14,83
1921,10,13,83
1921,10,10,83
1921,10,17,83
1921,10,11,83
2401,10,11,83
2401,10,14,83
2401,10,7,83
2401,10,3,83
2401,10,3,83
2401,10,10,83
2401,10,3,83
2401,10,20,83
2401,10,11,83
1801,10,6,84
1801,10,7,84
1801,10,3,84
1801,10,3,84
1801,10,10,84
1801,10,11,84
1801,10,3,84
1801,10,8,84
1801,10,8,84
1801,10,3,84
1861,10,6,84
1861,10,7,84
1861,10,10,84
1861,10,11,84
1861,10,3,84
1861,10,8,84
1861,10,8,84
1861,10,3,84
1921,10,6,84
1921,10,7,84
1921,10,10,84
1921,10,10,84
1921,10,11,84
1921,10,3,84
1921,10,8,84
1921,10,8,84
1921,10,3,84
2401,10,6,84
2401,10,7,84
2401,10,10,84
2401,10,1,84
2401,10,4,84
2401,10,2,84
2401,10,9,84
2401,10,8,84
2401,10,3,84
1801,10,11,85
1801,10,11,85
1801,10,5,85
1801,10,2,85
1801,10,11,85
1801,10,6,85
1801,10,3,85
1801,10,3,85
1801,10,4,85
1861,10,11,85
1861,10,11,85
1861,10,5,85
1861,10,2,85
1861,10,11,85
1861,10,6,85
1861,10,3,85
1861,10,3,85
1861,10,4,85
1921,10,11,85
1921,10,11,85
1921,10,5,85
1921,10,2,85
1921,10,11,85
1921,10,6,85
1921,10,3,85
1921,10,3,85
1921,10,4,85
2401,10,11,85
2401,10,1,85
2401,10,5,85
2401,10,2,85
2401,10,11,85
2401,10,2,85
2401,10,7,85
2401,10,7,85
1801,10,1,86
1801,10,6,86
1801,10,19,86
1801,10,26,86
1801,10,1,86
1801,10,7,86
1861,10,1,86
1861,10,6,86
1861,10,19,86
1861,10,4,86
1861,10,14,86
1861,10,4,86
1921,10,1,86
1921,10,6,86
1921,10,19,86
1921,10,4,86
1921,10,14,86
1921,10,4,86
2401,10,1,86
2401,10,20,86
2401,10,7,86
2401,10,12,86
1801,10,7,87
1801,10,20,87
1801,10,20,87
1801,10,7,87
1801,10,14,87
1801,10,20,87
1861,10,7,87
1861,10,20,87
1861,10,7,87
1861,10,14,87
1861,10,20,87
1921,10,7,87
1921,10,10,87
1921,10,10,87
1921,10,6,87
1921,10,3,87
1921,10,2,87
1921,10,20,87
2401,10,7,87
2401,10,10,87
2401,10,8,87
2401,10,10,87
2401,10,3,87
2401,10,20,87
1801,10,6,88
1801,10,2,88
1801,10,32,88
1801,10,5,88
1801,10,5,88
1801,10,8,88
1801,10,8,88
1801,10,44,88
1861,10,2,88
1861,10,6,88
1861,10,6,88
1861,10,21,88
1861,10,5,88
1861,10,8,88
1861,10,8,88
1861,10,3,88
1861,10,11,88
1921,10,2,88
1921,10,6,88
1921,10,1,88
1921,10,5,88
1921,10,8,88
1921,10,8,88
1921,10,3,88
1921,10,21,88
2401,10,12,88
2401,10,6,88
2401,10,11,88
2401,10,5,88
2401,10,8,88
2401,10,8,88
2401,10,3,88
2401,10,11,88
1801,10,16,89
1801,10,20,89
1801,10,1,89
1801,10,25,89
1801,10,13,89
1801,10,13,89
1801,10,27,89
1801,10,3,89
1861,10,16,89
1861,10,1,89
1861,10,5,89
1861,10,13,89
1861,10,13,89
1861,10,7,89
1861,10,3,89
1921,10,16,89
1921,10,1,89
1921,10,1,89
1921,10,4,89
1921,10,13,89
1921,10,13,89
1921,10,1,89
1921,10,3,89
2401,10,16,89
2401,10,10,89
2401,10,1,89
2401,10,1,89
2401,10,13,89
2401,10,13,89
2401,10,6,89
2401,10,20,89
2401,10,1,89
2401,10,3,89
1801,10,19,90
1801,10,12,90
1801,10,21,90
1801,10,3,90
1801,10,1,90
1801,10,1,90
1801,10,5,90
1801,10,4,90
1801,10,4,90
1861,10,19,90
1861,10,12,90
1861,10,21,90
1861,10,3,90
1861,10,1,90
1861,10,26,90
1861,10,4,90
1861,10,4,90
1921,10,19,90
1921,10,12,90
1921,10,21,90
1921,10,3,90
1921,10,1,90
1921,10,4,90
1921,10,4,90
2401,10,19,90
2401,10,13,90
2401,10,20,90
2401,10,3,90
2401,10,1,90
2401,10,3,90
2401,10,1,90
2401,10,4,90
2401,10,4,90
1801,10,9,91
1801,10,18,91
1801,10,17,91
1801,10,16,91
1801,10,23,91
1801,10,5,91
1801,10,2,91
1861,10,9,91
1861,10,18,91
1861,10,17,91
1861,10,16,91
1861,10,2,91
1861,10,1,91
1861,10,5,91
1861,10,2,91
1921,10,9,91
1921,10,18,91
1921,10,17,91
1921,10,16,91
1921,10,1,91
1921,10,5,91
1921,10,2,91
2401,10,9,91
2401,10,18,91
2401,10,17,91
2401,10,16,91
2401,10,10,91
2401,10,1,91
2401,10,5,91
2401,10,2,91
1801,10,14,92
1801,10,1,92
1801,10,2,92
1801,10,3,92
1801,10,6,92
1801,10,20,92
1801,10,5,92
1801,10,2,92
1801,10,3,92
1801,10,4,92
1801,10,2,92
1861,10,14,92
1861,10,1,92
1861,10,2,92
1861,10,3,92
1861,10,6,92
1861,10,20,92
1861,10,5,92
1861,10,25,92
1861,10,20,92
1861,10,2,92
1921,10,14,92
1921,10,1,92
1921,10,2,92
1921,10,3,92
1921,10,6,92
1921,10,20,92
1921,10,5,92
1921,10,5,92
1921,10,20,92
1921,10,2,92
2401,10,5,92
2401,10,2,92
2401,10,3,92
2401,10,6,92
2401,10,20,92
2401,10,5,92
2401,10,5,92
2401,10,10,92
2401,10,2,92
1801,10,33,93
1801,10,6,93
1801,10,10,93
1801,10,1,93
1801,10,12,93
1801,10,4,93
1801,10,1,93
1801,10,1,93
1861,10,3,93
1861,10,6,93
1861,10,10,93
1861,10,11,93
1861,10,12,93
1861,10,4,93
1861,10,1,93
1861,10,1,93
1921,10,3,93
1921,10,6,93
1921,10,10,93
1921,10,1,93
1921,10,12,93
1921,10,4,93
1921,10,1,93
1921,10,1,93
2401,10,1,93
2401,10,10,93
2401,10,10,93
2401,10,10,93
2401,10,1,93
2401,10,2,93
2401,10,3,93
2401,10,1,93
2401,10,1,93
2401,10,1,93
1801,10,9,94
1801,10,1,94
1801,10,10,94
1801,10,24,94
1801,10,10,94
1801,10,3,94
1801,10,9,94
1801,10,24,94
1861,10,9,94
1861,10,1,94
1861,10,10,94
1861,10,24,94
1861,10,10,94
1861,10,3,94
1861,10,9,94
1861,10,24,94
1921,10,9,94
1921,10,1,94
1921,10,10,94
1921,10,20,94
1921,10,10,94
1921,10,10,94
1921,10,3,94
1921,10,9,94
1921,10,4,94
2401,10,9,94
2401,10,1,94
2401,10,10,94
2401,10,14,94
2401,10,2,94
2401,10,21,94
2401,10,5,94
2401,10,5,94
2401,10,9,94
1801,10,6,95
1801,10,6,95
1801,10,6,95
1801,10,15,95
1801,10,20,95
1801,10,10,95
1801,10,17,95
1861,10,6,95
1861,10,6,95
1861,10,15,95
1861,10,10,95
1861,10,10,95
1861,10,17,95
1921,10,10,95
1921,10,6,95
1921,10,6,95
1921,10,15,95
1921,10,10,95
1921,10,10,95
1921,10,17,95
2401,10,10,95
2401,10,6,95
2401,10,6,95
2401,10,15,95
2401,10,10,95
2401,10,10,95
2401,10,17,95
1801,10,3,96
1801,10,7,96
1801,10,2,96
1801,10,3,96
1801,10,3,96
1801,10,17,96
1801,10,15,96
1861,10,23,96
1861,10,7,96
1861,10,2,96
1861,10,3,96
1861,10,3,96
1861,10,17,96
1861,10,15,96
1921,10,3,96
1921,10,7,96
1921,10,2,96
1921,10,3,96
1921,10,3,96
1921,10,17,96
1921,10,15,96
2401,10,3,96
2401,10,7,96
2401,10,2,96
2401,10,3,96
2401,10,2,96
2401,10,6,96
2401,10,1,96
2401,10,1,96
2401,10,15,96
1801,10,1,97
1801,10,4,97
1801,10,4,97
1801,10,15,97
1801,10,7,97
1801,10,3,97
1801,10,14,97
1801,10,12,97
1861,10,1,97
1861,10,4,97
1861,10,4,97
1861,10,15,97
1861,10,7,97
1861,10,3,97
1861,10,14,97
1861,10,12,97
1921,10,1,97
1921,10,4,97
1921,10,4,97
1921,10,15,97
1921,10,7,97
1921,10,3,97
1921,10,14,97
1921,10,12,97
2401,10,1,97
2401,10,4,97
2401,10,4,97
2401,10,15,97
2401,10,7,97
2401,10,5,97
2401,10,12,97
2401,10,12,97
1801,10,5,98
1801,10,5,98
1801,10,14,98
1801,10,6,98
1801,10,3,98
1801,10,25,98
1801,10,3,98
1801,10,7,98
1801,10,2,98
1861,10,5,98
1861,10,5,98
1861,10,14,98
1861,10,6,98
1861,10,3,98
1861,10,25,98
1861,10,3,98
1861,10,2,98
1861,10,7,98
1921,10,5,98
1921,10,5,98
1921,10,14,98
1921,10,6,98
1921,10,3,98
1921,10,2,98
1921,10,3,98
1921,10,3,98
1921,10,7,98
2401,10,5,98
2401,10,5,98
2401,10,10,98
2401,10,20,98
2401,10,3,98
2401,10,10,98
2401,10,3,98
2401,10,3,98
2401,10,10,98
2401,10,7,98
1801,10,20,99
1801,10,1,99
1801,10,5,99
1801,10,25,99
1801,10,5,99
1801,10,17,99
1801,10,7,99
1861,10,20,99
1861,10,1,99
1861,10,5,99
1861,10,2,99
1861,10,3,99
1861,10,5,99
1861,10,17,99
1861,10,7,99
1921,10,1,99
1921,10,5,99
1921,10,3,99
1921,10,5,99
1921,10,17,99
1921,10,7,99
2401,10,11,99
2401,10,5,99
2401,10,20,99
2401,10,1,99
2401,10,5,99
2401,10,17,99
2401,10,7,99
1801,10,2,100
1801,10,23,100
1801,10,15,100
1801,10,5,100
1801,10,18,100
1801,10,13,100
1801,10,6,100
1861,10,2,100
1861,10,23,100
1861,10,15,100
1861,10,5,100
1861,10,18,100
1861,10,13,100
1861,10,6,100
1921,10,2,100
1921,10,1,100
1921,10,2,100
1921,10,15,100
1921,10,5,100
1921,10,18,100
1921,10,13,100
1921,10,6,100
2401,10,2,100
2401,10,10,100
2401,10,5,100
2401,10,2,100
2401,10,11,100
2401,10,6,100
1801,10,11,101
1801,10,17,101
1801,10,9,101
1801,10,6,101
1801,10,11,101
1801,10,4,101
1801,10,2,101
1861,10,11,101
1861,10,17,101
1861,10,9,101
1861,10,6,101
1861,10,11,101
1861,10,4,101
1861,10,2,101
1921,10,11,101
1921,10,17,101
1921,10,9,101
1921,10,6,101
1921,10,11,101
1921,10,4,101
1921,10,2,101
2401,10,11,101
2401,10,17,101
2401,10,9,101
2401,10,6,101
2401,10,11,101
2401,10,8,101
2401,10,8,101
1801,10,4,102
1801,10,7,102
1801,10,13,102
1801,10,16,102
1801,10,1,102
1801,10,3,102
1801,10,4,102
1801,10,22,102
1861,10,4,102
1861,10,7,102
1861,10,13,102
1861,10,16,102
1861,10,1,102
1861,10,3,102
1861,10,4,102
1861,10,2,102
1921,10,4,102
1921,10,7,102
1921,10,13,102
1921,10,16,102
1921,10,1,102
1921,10,3,102
1921,10,4,102
2401,10,4,102
2401,10,7,102
2401,10,1,102
2401,10,8,102
2401,10,7,102
2401,10,20,102
2401,10,7,102
2401,10,9,102
2401,10,1,102
1801,10,13,103
1801,10,10,103
1801,10,29,103
1801,10,25,103
1801,10,1,103
1801,10,13,103
1801,10,11,103
1801,10,8,103
1861,10,13,103
1861,10,10,103
1861,10,7,103
1861,10,2,103
1861,10,3,103
1861,10,1,103
1861,10,13,103
1861,10,11,103
1861,10,8,103
1921,10,13,103
1921,10,10,103
1921,10,7,103
1921,10,3,103
1921,10,1,103
1921,10,13,103
1921,10,11,103
1921,10,8,103
2401,10,13,103
2401,10,10,103
2401,10,7,103
2401,10,10,103
2401,10,3,103
2401,10,1,103
2401,10,13,103
2401,10,11,103
2401,10,8,103
1801,10,15,104
1801,10,15,104
1801,10,39,104
1801,10,5,104
1801,10,5,104
1801,10,1,104
1801,10,2,104
1861,10,15,104
1861,10,15,104
1861,10,9,104
1861,10,5,104
1861,10,20,104
1861,10,5,104
1861,10,1,104
1861,10,2,104
1921,10,15,104
1921,10,15,104
1921,10,9,104
1921,10,5,104
1921,10,5,104
1921,10,1,104
1921,10,2,104
2401,10,15,104
2401,10,15,104
2401,10,9,104
2401,10,5,104
2401,10,8,104
2401,10,20,104
2401,10,5,104
2401,10,1,104
2401,10,2,104
1801,10,7,105
1801,10,6,105
1801,10,11,105
1801,10,26,105
1801,10,5,105
1801,10,1,105
1801,10,4,105
1861,10,7,105
1861,10,6,105
1861,10,11,105
1861,10,1,105
1861,10,5,105
1861,10,5,105
1861,10,1,105
1861,10,4,105
1921,10,7,105
1921,10,6,105
1921,10,11,105
1921,10,1,105
1921,10,5,105
1921,10,5,105
1921,10,1,105
1921,10,4,105
2401,10,7,105
2401,10,6,105
2401,10,4,105
2401,10,1,105
2401,10,2,105
2401,10,5,105
2401,10,1,105
2401,10,4,105
1801,10,10,106
1801,10,6,106
1801,10,4,106
1801,10,1,106
1801,10,3,106
1801,10,5,106
1801,10,13,106
1801,10,28,106
1861,10,10,106
1861,10,6,106
1861,10,4,106
1861,10,1,106
1861,10,3,106
1861,10,5,106
1861,10,13,106
1861,10,6,106
1861,10,2,106
1921,10,10,106
1921,10,26,106
1921,10,4,106
1921,10,1,106
1921,10,3,106
1921,10,5,106
1921,10,13,106
1921,10,6,106
1921,10,2,106
2401,10,10,106
2401,10,2,106
2401,10,8,106
2401,10,1,106
2401,10,31,106
2401,10,7,106
2401,10,3,106
2401,10,5,106
2401,10,13,106
2401,10,15,106
2401,10,3,106
1801,10,8,107
1801,10,17,107
1801,10,24,107
1801,10,16,107
1801,10,3,107
1801,10,19,107
1801,10,3,107
1861,10,8,107
1861,10,17,107
1861,10,4,107
1861,10,16,107
1861,10,3,107
1861,10,19,107
1861,10,3,107
1921,10,8,107
1921,10,17,107
1921,10,20,107
1921,10,4,107
1921,10,16,107
1921,10,3,107
1921,10,19,107
1921,10,3,107
2401,10,8,107
2401,10,17,107
2401,10,10,107
2401,10,5,107
2401,10,6,107
2401,10,19,107
2401,10,3,107
1801,10,16,108
1801,10,9,108
1801,10,1,108
1801,10,23,108
1801,10,22,108
1801,10,10,108
1801,10,7,108
1861,10,16,108
1861,10,9,108
1861,10,1,108
1861,10,3,108
1861,10,2,108
1861,10,10,108
1861,10,7,108
1921,10,16,108
1921,10,9,108
1921,10,1,108
1921,10,3,108
1921,10,20,108
1921,10,10,108
1921,10,7,108
2401,10,16,108
2401,10,9,108
2401,10,1,108
2401,10,20,108
2401,10,1,108
2401,10,2,108
2401,10,7,108
2401,10,10,108
1801,10,1,109
1801,10,8,109
1801,10,14,109
1801,10,17,109
1801,10,5,109
1801,10,8,109
1801,10,13,109
1801,10,24,109
1861,10,1,109
1861,10,8,109
1861,10,14,109
1861,10,17,109
1861,10,5,109
1861,10,8,109
1861,10,13,109
1861,10,4,109
1921,10,1,109
1921,10,8,109
1921,10,14,109
1921,10,17,109
1921,10,5,109
1921,10,8,109
1921,10,13,109
1921,10,4,109
2401,10,1,109
2401,10,8,109
2401,10,14,109
2401,10,17,109
2401,10,5,109
2401,10,8,109
2401,10,13,109
2401,10,14,109
1801,10,2,110
1801,10,18,110
1801,10,1,110
1801,10,3,110
1801,10,1,110
1801,10,14,110
1801,10,1,110
1801,10,1,110
1801,10,3,110
1801,10,6,110
1861,10,2,110
1861,10,18,110
1861,10,11,110
1861,10,3,110
1861,10,1,110
1861,10,14,110
1861,10,4,110
1861,10,8,110
1861,10,3,110
1861,10,6,110
1921,10,2,110
1921,10,6,110
1921,10,2,110
1921,10,1,110
1921,10,3,110
1921,10,1,110
1921,10,14,110
1921,10,24,110
1921,10,3,110
1921,10,6,110
2401,10,2,110
2401,10,18,110
2401,10,1,110
2401,10,3,110
2401,10,1,110
2401,10,14,110
2401,10,3,110
2401,10,6,110
1801,10,1,111
1801,10,11,111
1801,10,1,111
1801,10,24,111
1801,10,1,111
1801,10,22,111
1801,10,3,111
1801,10,1,111
1801,10,18,111
1861,10,1,111
1861,10,11,111
1861,10,1,111
1861,10,24,111
1861,10,1,111
1861,10,22,111
1861,10,3,111
1861,10,1,111
1861,10,18,111
1921,10,1,111
1921,10,11,111
1921,10,1,111
1921,10,4,111
1921,10,1,111
1921,10,22,111
1921,10,20,111
1921,10,2,111
1921,10,18,111
2401,10,1,111
2401,10,1,111
2401,10,5,111
2401,10,9,111
2401,10,16,111
1801,10,14,112
1801,10,15,112
1801,10,24,112
1801,10,3,112
1801,10,13,112
1801,10,12,112
1801,10,19,112
1861,10,14,112
1861,10,5,112
1861,10,3,112
1861,10,1,112
1861,10,3,112
1861,10,13,112
1861,10,12,112
1861,10,19,112
1921,10,14,112
1921,10,5,112
1921,10,24,112
1921,10,3,112
1921,10,13,112
1921,10,12,112
1921,10,19,112
2401,10,14,112
2401,10,5,112
2401,10,15,112
2401,10,15,112
2401,10,3,112
2401,10,13,112
2401,10,12,112
2401,10,19,112
1801,10,4,113
1801,10,5,113
1801,10,3,113
1801,10,5,113
1801,10,9,113
1801,10,1,113
1801,10,28,113
1801,10,1,113
1801,10,4,113
1861,10,4,113
1861,10,5,113
1861,10,3,113
1861,10,5,113
1861,10,9,113
1861,10,1,113
1861,10,4,113
1861,10,1,113
1861,10,4,113
1921,10,4,113
1921,10,5,113
1921,10,3,113
1921,10,5,113
1921,10,9,113
1921,10,1,113
1921,10,4,113
1921,10,10,113
1921,10,1,113
1921,10,4,113
2401,10,4,113
2401,10,5,113
2401,10,3,113
2401,10,5,113
2401,10,9,113
2401,10,1,113
2401,10,4,113
2401,10,10,113
2401,10,1,113
2401,10,4,113
1801,10,3,114
1801,10,5,114
1801,10,4,114
1801,10,10,114
1801,10,13,114
1801,10,3,114
1801,10,20,114
1801,10,2,114
1861,10,3,114
1861,10,5,114
1861,10,4,114
1861,10,10,114
1861,10,13,114
1861,10,3,114
1861,10,20,114
1861,10,2,114
1921,10,3,114
1921,10,5,114
1921,10,4,114
1921,10,10,114
1921,10,13,114
1921,10,3,114
1921,10,20,114
1921,10,2,114
2401,10,3,114
2401,10,6,114
2401,10,20,114
2401,10,25,114
2401,10,10,114
2401,10,13,114
2401,10,3,114
2401,10,2,114
2401,10,8,114
2401,10,2,114
1801,10,7,115
1801,10,6,115
1801,10,4,115
1801,10,34,115
1801,10,5,115
1801,10,5,115
1801,10,9,115
1801,10,20,115
1861,10,13,115
1861,10,4,115
1861,10,3,115
1861,10,1,115
1861,10,5,115
1861,10,5,115
1861,10,9,115
1861,10,20,115
1921,10,33,115
1921,10,4,115
1921,10,3,115
1921,10,1,115
1921,10,8,115
1921,10,9,115
2401,10,9,115
2401,10,14,115
2401,10,4,115
2401,10,10,115
2401,10,4,115
2401,10,12,115
2401,10,9,115
1801,10,15,116
1801,10,19,116
1801,10,1,116
1801,10,1,116
1801,10,10,116
1801,10,3,116
1801,10,7,116
1801,10,5,116
1801,10,17,116
1861,10,15,116
1861,10,19,116
1861,10,1,116
1861,10,1,116
1861,10,10,116
1861,10,3,116
1861,10,7,116
1861,10,5,116
1861,10,17,116
1921,10,15,116
1921,10,19,116
1921,10,1,116
1921,10,1,116
1921,10,10,116
1921,10,3,116
1921,10,7,116
1921,10,5,116
1921,10,17,116
2401,10,1,116
2401,10,16,116
2401,10,18,116
2401,10,1,116
2401,10,10,116
2401,10,3,116
2401,10,7,116
2401,10,5,116
2401,10,17,116
1801,10,1,117
1801,10,7,117
1801,10,13,117
1801,10,5,117
1801,10,17,117
1801,10,6,117
1801,10,1,117
1801,10,20,117
1861,10,1,117
1861,10,7,117
1861,10,13,117
1861,10,5,117
1861,10,17,117
1861,10,5,117
1861,10,2,117
1861,10,20,117
1921,10,1,117
1921,10,7,117
1921,10,13,117
1921,10,5,117
1921,10,17,117
1921,10,5,117
1921,10,2,117
1921,10,20,117
2401,10,1,117
2401,10,10,117
2401,10,5,117
2401,10,17,117
2401,10,10,117
2401,10,1,117
2401,10,10,117
1801,10,12,118
1801,10,2,118
1801,10,7,118
1801,10,7,118
1801,10,13,118
1801,10,12,118
1801,10,17,118
1801,10,5,118
1801,10,5,118
1861,10,12,118
1861,10,2,118
1861,10,7,118
1861,10,7,118
1861,10,13,118
1861,10,2,118
1861,10,17,118
1861,10,5,118
1861,10,5,118
1921,10,12,118
1921,10,3,118
1921,10,7,118
1921,10,13,118
1921,10,2,118
1921,10,17,118
1921,10,5,118
1921,10,5,118
2401,10,12,118
2401,10,3,118
2401,10,20,118
2401,10,7,118
2401,10,13,118
2401,10,2,118
2401,10,17,118
2401,10,5,118
2401,10,5,118
1801,10,9,119
1801,10,4,119
1801,10,2,119
1801,10,9,119
1801,10,1,119
1801,10,1,119
1801,10,15,119
1801,10,1,119
1801,10,6,119
1801,10,2,119
1861,10,9,119
1861,10,4,119
1861,10,9,119
1861,10,1,119
1861,10,1,119
1861,10,15,119
1861,10,1,119
1861,10,8,119
1921,10,9,119
1921,10,4,119
1921,10,20,119
1921,10,9,119
1921,10,1,119
1921,10,1,119
1921,10,15,119
1921,10,1,119
1921,10,20,119
2401,10,9,119
2401,10,4,119
2401,10,1,119
2401,10,1,119
2401,10,1,119
2401,10,15,119
2401,10,1,119
1801,10,10,120
1801,10,6,120
1801,10,3,120
1801,10,27,120
1801,10,10,120
1801,10,10,120
1801,10,4,120
1801,10,8,120
1801,10,2,120
1861,10,10,120
1861,10,6,120
1861,10,3,120
1861,10,6,120
1861,10,1,120
1861,10,10,120
1861,10,10,120
1861,10,4,120
1861,10,2,120
1921,10,10,120
1921,10,6,120
1921,10,3,120
1921,10,4,120
1921,10,3,120
1921,10,10,120
1921,10,10,120
1921,10,4,120
1921,10,10,120
1921,10,2,120
2401,10,10,120
2401,10,16,120
2401,10,3,120
2401,10,3,120
2401,10,7,120
2401,10,3,120
2401,10,10,120
2401,10,10,120
2401,10,2,120
2401,10,12,120
1801,25,10,121
1801,25,11,121
1801,25,27,121
1801,25,2,121
1801,25,4,121
1801,25,5,121
1801,25,10,121
1801,25,1,121
1861,25,10,121
1861,25,11,121
1861,25,1,121
1861,25,2,121
1861,25,4,121
1861,25,2,121
1861,25,3,121
1861,25,1,121
1921,25,10,121
1921,25,11,121
1921,25,10,121
1921,25,1,121
1921,25,2,121
1921,25,4,121
1921,25,2,121
1921,25,3,121
1921,25,1,121
1921,25,9,121
1921,25,1,121
2401,25,7,121
2401,25,13,121
2401,25,7,121
2401,25,11,121
2401,25,2,121
2401,25,10,121
2401,25,10,121
2401,25,3,121
2401,25,1,121
1801,25,3,122
1801,25,3,122
1801,25,1,122
1801,25,13,122
1801,25,7,122
1801,25,22,122
1801,25,20,122
1801,25,21,122
1861,25,3,122
1861,25,3,122
1861,25,15,122
1861,25,9,122
1861,25,7,122
1861,25,2,122
1861,25,21,122
1921,25,3,122
1921,25,3,122
1921,25,15,122
1921,25,9,122
1921,25,7,122
1921,25,1,122
2401,25,3,122
2401,25,3,122
2401,25,10,122
2401,25,4,122
2401,25,7,122
2401,25,20,122
2401,25,1,122
1801,25,11,123
1801,25,4,123
1801,25,6,123
1801,25,20,123
1801,25,23,123
1801,25,12,123
1801,25,26,123
1861,25,11,123
1861,25,4,123
1861,25,6,123
1861,25,1,123
1861,25,2,123
1861,25,12,123
1861,25,1,123
1861,25,5,123
1921,25,11,123
1921,25,4,123
1921,25,6,123
1921,25,20,123
1921,25,4,123
1921,25,9,123
1921,25,1,123
1921,25,5,123
2401,25,9,123
2401,25,10,123
2401,25,2,123
2401,25,7,123
2401,25,6,123
2401,25,6,123
1801,25,1,124
1801,25,1,124
1801,25,4,124
1801,25,11,124
1801,25,37,124
1801,25,3,124
1801,25,2,124
1801,25,2,124
1801,25,9,124
1861,25,1,124
1861,25,1,124
1861,25,4,124
1861,25,11,124
1861,25,2,124
1861,25,8,124
1861,25,2,124
1861,25,2,124
1861,25,9,124
1921,25,1,124
1921,25,1,124
1921,25,4,124
1921,25,11,124
1921,25,2,124
1921,25,10,124
1921,25,2,124
1921,25,2,124
1921,25,9,124
2401,25,1,124
2401,25,1,124
2401,25,10,124
2401,25,15,124
2401,25,1,124
1801,25,16,125
1801,25,1,125
1801,25,18,125
1801,25,7,125
1801,25,3,125
1801,25,3,125
1801,25,1,125
1801,25,7,125
1861,25,16,125
1861,25,1,125
1861,25,10,125
1861,25,18,125
1861,25,7,125
1861,25,3,125
1861,25,3,125
1861,25,1,125
1861,25,7,125
1921,25,16,125
1921,25,1,125
1921,25,18,125
1921,25,7,125
1921,25,3,125
1921,25,3,125
1921,25,1,125
1921,25,7,125
2401,25,16,125
2401,25,1,125
2401,25,10,125
2401,25,7,125
2401,25,3,125
2401,25,3,125
2401,25,7,125
2401,25,1,125
1801,25,4,126
1801,25,21,126
1801,25,3,126
1801,25,1,126
1801,25,20,126
1801,25,13,126
1801,25,4,126
1801,25,18,126
1861,25,4,126
1861,25,4,126
1861,25,7,126
1861,25,3,126
1861,25,21,126
1861,25,13,126
1861,25,4,126
1861,25,18,126
1921,25,4,126
1921,25,4,126
1921,25,7,126
1921,25,3,126
1921,25,11,126
1921,25,13,126
1921,25,4,126
1921,25,18,126
2401,25,10,126
2401,25,1,126
2401,25,3,126
2401,25,10,126
2401,25,1,126
2401,25,13,126
2401,25,4,126
2401,25,18,126
1801,25,28,127
1801,25,13,127
1801,25,10,127
1801,25,1,127
1801,25,14,127
1801,25,5,127
1801,25,4,127
1801,25,15,127
1861,25,1,127
1861,25,7,127
1861,25,13,127
1861,25,10,127
1861,25,1,127
1861,25,14,127
1861,25,5,127
1861,25,4,127
1861,25,15,127
1921,25,1,127
1921,25,7,127
1921,25,13,127
1921,25,10,127
1921,25,1,127
1921,25,14,127
1921,25,5,127
1921,25,4,127
1921,25,15,127
2401,25,8,127
2401,25,10,127
2401,25,13,127
2401,25,10,127
2401,25,1,127
2401,25,10,127
2401,25,15,127
2401,25,4,127
2401,25,15,127
1801,25,11,128
1801,25,6,128
1801,25,2,128
1801,25,3,128
1801,25,11,128
1801,25,5,128
1801,25,5,128
1801,25,8,128
1801,25,7,128
1861,25,5,128
1861,25,6,128
1861,25,3,128
1861,25,11,128
1861,25,5,128
1861,25,5,128
1861,25,8,128
1861,25,7,128
1921,25,5,128
1921,25,6,128
1921,25,1,128
1921,25,11,128
1921,25,5,128
1921,25,5,128
1921,25,8,128
1921,25,7,128
2401,25,4,128
2401,25,11,128
2401,25,20,128
2401,25,1,128
2401,25,11,128
2401,25,5,128
2401,25,1,128
2401,25,7,128
1801,25,10,129
1801,25,10,129
1801,25,12,129
1801,25,13,129
1801,25,1,129
1801,25,2,129
1801,25,12,129
1801,25,18,129
1861,25,10,129
1861,25,10,129
1861,25,12,129
1861,25,13,129
1861,25,1,129
1861,25,2,129
1861,25,12,129
1861,25,18,129
1921,25,10,129
1921,25,10,129
1921,25,12,129
1921,25,13,129
1921,25,1,129
1921,25,2,129
1921,25,12,129
1921,25,18,129
2401,25,10,129
2401,25,10,129
2401,25,12,129
2401,25,13,129
2401,25,1,129
2401,25,2,129
2401,25,1,129
2401,25,9,129
2401,25,1,129
2401,25,7,129
1801,25,4,130
1801,25,22,130
1801,25,1,130
1801,25,14,130
1801,25,4,130
1801,25,40,130
1801,25,3,130
1801,25,2,130
1861,25,4,130
1861,25,1,130
1861,25,14,130
1861,25,4,130
1861,25,1,130
1861,25,9,130
1861,25,3,130
1861,25,2,130
1921,25,4,130
1921,25,20,130
1921,25,1,130
1921,25,14,130
1921,25,4,130
1921,25,1,130
1921,25,9,130
1921,25,3,130
1921,25,2,130
2401,25,1,130
2401,25,5,130
2401,25,10,130
2401,25,1,130
2401,25,14,130
2401,25,4,130
2401,25,1,130
2401,25,9,130
2401,25,3,130
2401,25,2,130
1801,25,10,131
1801,25,48,131
1801,25,6,131
1801,25,2,131
1801,25,7,131
1801,25,15,131
1801,25,2,131
1861,25,10,131
1861,25,10,131
1861,25,8,131
1861,25,6,131
1861,25,2,131
1861,25,7,131
1861,25,15,131
1861,25,2,131
1921,25,10,131
1921,25,10,131
1921,25,8,131
1921,25,6,131
1921,25,2,131
1921,25,7,131
1921,25,15,131
1921,25,2,131
2401,25,10,131
2401,25,10,131
2401,25,3,131
2401,25,1,131
2401,25,20,131
2401,25,7,131
2401,25,1,131
2401,25,2,131
1801,25,1,132
1801,25,5,132
1801,25,10,132
1801,25,19,132
1801,25,11,132
1801,25,15,132
1801,25,20,132
1801,25,11,132
1861,25,3,132
1861,25,3,132
1861,25,19,132
1861,25,11,132
1861,25,5,132
1861,25,20,132
1861,25,11,132
1921,25,6,132
1921,25,19,132
1921,25,5,132
1921,25,5,132
1921,25,10,132
1921,25,1,132
2401,25,6,132
2401,25,9,132
2401,25,1,132
2401,25,10,132
2401,25,19,132
2401,25,9,132
2401,25,1,132
2401,25,10,132
2401,25,1,132
1801,25,9,133
1801,25,8,133
1801,25,12,133
1801,25,4,133
1801,25,25,133
1801,25,2,133
1801,25,17,133
1801,25,13,133
1861,25,9,133
1861,25,8,133
1861,25,12,133
1861,25,4,133
1861,25,21,133
1861,25,2,133
1861,25,17,133
1861,25,13,133
1921,25,9,133
1921,25,8,133
1921,25,12,133
1921,25,4,133
1921,25,1,133
1921,25,2,133
1921,25,17,133
1921,25,13,133
2401,25,4,133
2401,25,5,133
2401,25,12,133
2401,25,4,133
2401,25,5,133
2401,25,5,133
2401,25,7,133
2401,25,13,133
2401,25,13,133
1801,25,11,134
1801,25,4,134
1801,25,15,134
1801,25,8,134
1801,25,16,134
1801,25,8,134
1801,25,20,134
1861,25,11,134
1861,25,4,134
1861,25,15,134
1861,25,8,134
1861,25,16,134
1861,25,8,134
1921,25,11,134
1921,25,4,134
1921,25,15,134
1921,25,8,134
1921,25,16,134
1921,25,8,134
1921,25,10,134
2401,25,11,134
2401,25,4,134
2401,25,10,134
2401,25,2,134
2401,25,1,134
2401,25,16,134
1801,25,1,135
1801,25,20,135
1801,25,20,135
1801,25,12,135
1801,25,27,135
1801,25,6,135
1861,25,1,135
1861,25,10,135
1861,25,20,135
1861,25,9,135
1861,25,1,135
1861,25,12,135
1861,25,1,135
1861,25,6,135
1921,25,1,135
1921,25,10,135
1921,25,9,135
1921,25,1,135
1921,25,12,135
1921,25,21,135
1921,25,6,135
2401,25,1,135
2401,25,10,135
2401,25,19,135
2401,25,10,135
2401,25,4,135
2401,25,6,135
1801,25,5,136
1801,25,21,136
1801,25,3,136
1801,25,12,136
1801,25,10,136
1801,25,3,136
1801,25,1,136
1801,25,5,136
1861,25,5,136
1861,25,20,136
1861,25,1,136
1861,25,3,136
1861,25,12,136
1861,25,10,136
1861,25,3,136
1861,25,1,136
1861,25,5,136
1921,25,5,136
1921,25,11,136
1921,25,3,136
1921,25,12,136
1921,25,10,136
1921,25,3,136
1921,25,1,136
1921,25,5,136
2401,25,5,136
2401,25,10,136
2401,25,1,136
2401,25,3,136
2401,25,12,136
2401,25,10,136
2401,25,3,136
2401,25,1,136
2401,25,5,136
1801,25,4,137
1801,25,10,137
1801,25,10,137
1801,25,1,137
1801,25,10,137
1801,25,2,137
1801,25,8,137
1801,25,8,137
1801,25,3,137
1801,25,6,137
1801,25,4,137
1801,25,2,137
1861,25,4,137
1861,25,1,137
1861,25,10,137
1861,25,8,137
1861,25,3,137
1861,25,6,137
1861,25,4,137
1861,25,2,137
1921,25,4,137
1921,25,1,137
1921,25,10,137
1921,25,3,137
1921,25,6,137
1921,25,4,137
1921,25,2,137
2401,25,4,137
2401,25,10,137
2401,25,1,137
2401,25,7,137
2401,25,3,137
2401,25,8,137
2401,25,3,137
2401,25,6,137
2401,25,4,137
2401,25,2,137
1801,25,14,138
1801,25,10,138
1801,25,2,138
1801,25,8,138
1801,25,11,138
1801,25,1,138
1801,25,4,138
1801,25,36,138
1861,25,6,138
1861,25,8,138
1861,25,10,138
1861,25,2,138
1861,25,8,138
1861,25,11,138
1861,25,1,138
1861,25,4,138
1861,25,2,138
1921,25,6,138
1921,25,8,138
1921,25,10,138
1921,25,2,138
1921,25,8,138
1921,25,11,138
1921,25,1,138
1921,25,4,138
1921,25,20,138
1921,25,2,138
2401,25,6,138
2401,25,8,138
2401,25,10,138
2401,25,2,138
2401,25,10,138
2401,25,1,138
2401,25,1,138
2401,25,4,138
2401,25,10,138
2401,25,2,138
1801,25,16,139
1801,25,26,139
1801,25,3,139
1801,25,24,139
1801,25,7,139
1801,25,23,139
1801,25,4,139
1801,25,7,139
1861,25,16,139
1861,25,4,139
1861,25,3,139
1861,25,14,139
1861,25,7,139
1861,25,1,139
1861,25,7,139
1921,25,16,139
1921,25,4,139
1921,25,3,139
1921,25,14,139
1921,25,7,139
1921,25,1,139
1921,25,2,139
1921,25,8,139
1921,25,7,139
2401,25,12,139
2401,25,1,139
2401,25,7,139
2401,25,1,139
2401,25,8,139
2401,25,5,139
1801,25,25,140
1801,25,2,140
1801,25,6,140
1801,25,2,140
1801,25,25,140
1801,25,3,140
1801,25,8,140
1801,25,7,140
1861,25,25,140
1861,25,2,140
1861,25,6,140
1861,25,2,140
1861,25,3,140
1861,25,2,140
1861,25,3,140
1861,25,8,140
1861,25,7,140
1921,25,5,140
1921,25,2,140
1921,25,2,140
1921,25,5,140
1921,25,3,140
1921,25,8,140
1921,25,7,140
2401,25,15,140
2401,25,20,140
2401,25,1,140
2401,25,1,140
2401,25,1,140
2401,25,10,140
2401,25,3,140
2401,25,8,140
2401,25,7,140
1801,25,11,141
1801,25,8,141
1801,25,19,141
1801,25,31,141
1801,25,20,141
1801,25,1,141
1801,25,10,141
1861,25,18,141
1861,25,1,141
1861,25,19,141
1861,25,7,141
1861,25,1,141
1861,25,10,141
1921,25,18,141
1921,25,1,141
1921,25,19,141
1921,25,3,141
1921,25,4,141
1921,25,1,141
1921,25,10,141
2401,25,7,141
2401,25,2,141
2401,25,9,141
2401,25,10,141
2401,25,3,141
2401,25,10,141
2401,25,10,141
2401,25,1,141
2401,25,10,141
1801,25,5,142
1801,25,17,142
1801,25,1,142
1801,25,1,142
1801,25,12,142
1801,25,16,142
1801,25,20,142
1801,25,1,142
1801,25,5,142
1861,25,5,142
1861,25,17,142
1861,25,1,142
1861,25,1,142
1861,25,12,142
1861,25,16,142
1861,25,20,142
1861,25,1,142
1861,25,5,142
1921,25,5,142
1921,25,17,142
1921,25,1,142
1921,25,1,142
1921,25,12,142
1921,25,16,142
1921,25,20,142
1921,25,1,142
1921,25,5,142
2401,25,5,142
2401,25,17,142
2401,25,1,142
2401,25,1,142
2401,25,10,142
2401,25,1,142
2401,25,5,142
1801,25,8,143
1801,25,17,143
1801,25,7,143
1801,25,3,143
1801,25,16,143
1801,25,16,143
1801,25,2,143
1801,25,11,143
1861,25,8,143
1861,25,17,143
1861,25,7,143
1861,25,3,143
1861,25,16,143
1861,25,16,143
1861,25,2,143
1861,25,11,143
1921,25,8,143
1921,25,17,143
1921,25,7,143
1921,25,3,143
1921,25,16,143
1921,25,16,143
1921,25,2,143
1921,25,11,143
2401,25,8,143
2401,25,5,143
2401,25,20,143
2401,25,7,143
2401,25,3,143
2401,25,6,143
2401,25,16,143
2401,25,3,143
1801,25,16,144
1801,25,17,144
1801,25,2,144
1801,25,1,144
1801,25,8,144
1801,25,11,144
1801,25,5,144
1801,25,9,144
1801,25,1,144
1861,25,16,144
1861,25,12,144
1861,25,7,144
1861,25,1,144
1861,25,8,144
1861,25,11,144
1861,25,5,144
1861,25,9,144
1861,25,1,144
1921,25,16,144
1921,25,9,144
1921,25,1,144
1921,25,8,144
1921,25,11,144
1921,25,5,144
1921,25,9,144
1921,25,1,144
2401,25,4,144
2401,25,8,144
2401,25,11,144
2401,25,5,144
2401,25,9,144
2401,25,1,144
1801,25,3,145
1801,25,12,145
1801,25,1,145
1801,25,1,145
1801,25,12,145
1801,25,1,145
1801,25,8,145
1801,25,2,145
1861,25,3,145
1861,25,12,145
1861,25,1,145
1861,25,1,145
1861,25,12,145
1861,25,1,145
1861,25,8,145
1861,25,2,145
1921,25,3,145
1921,25,12,145
1921,25,2,145
1921,25,12,145
1921,25,1,145
1921,25,8,145
1921,25,2,145
2401,25,3,145
2401,25,12,145
2401,25,10,145
2401,25,20,145
2401,25,5,145
2401,25,4,145
2401,25,2,145
1801,25,7,146
1801,25,7,146
1801,25,5,146
1801,25,6,146
1801,25,8,146
1801,25,7,146
1861,25,7,146
1861,25,7,146
1861,25,5,146
1861,25,8,146
1861,25,7,146
1921,25,7,146
1921,25,7,146
1921,25,5,146
1921,25,20,146
1921,25,6,146
1921,25,8,146
1921,25,7,146
2401,25,7,146
2401,25,7,146
2401,25,7,146
2401,25,3,146
2401,25,1,146
2401,25,10,146
2401,25,4,146
2401,25,2,146
2401,25,7,146
1801,25,2,147
1801,25,2,147
1801,25,2,147
1801,25,9,147
1801,25,10,147
1801,25,16,147
1801,25,1,147
1801,25,20,147
1801,25,6,147
1861,25,2,147
1861,25,2,147
1861,25,2,147
1861,25,9,147
1861,25,10,147
1861,25,16,147
1861,25,1,147
1861,25,20,147
1861,25,6,147
1921,25,2,147
1921,25,2,147
1921,25,2,147
1921,25,9,147
1921,25,10,147
1921,25,16,147
1921,25,1,147
1921,25,20,147
1921,25,6,147
2401,25,2,147
2401,25,7,147
2401,25,3,147
2401,25,3,147
2401,25,3,147
2401,25,7,147
2401,25,1,147
2401,25,5,147
2401,25,1,147
2401,25,10,147
2401,25,6,147
1801,25,2,148
1801,25,1,148
1801,25,20,148
1801,25,3,148
1801,25,9,148
1801,25,1,148
1801,25,4,148
1801,25,3,148
1801,25,1,148
1861,25,2,148
1861,25,1,148
1861,25,3,148
1861,25,20,148
1861,25,9,148
1861,25,1,148
1861,25,4,148
1861,25,3,148
1861,25,3,148
1861,25,8,148
1921,25,2,148
1921,25,1,148
1921,25,23,148
1921,25,9,148
1921,25,1,148
1921,25,4,148
1921,25,3,148
1921,25,3,148
1921,25,8,148
2401,25,3,148
2401,25,1,148
2401,25,2,148
2401,25,10,148
2401,25,3,148
2401,25,17,148
2401,25,3,148
2401,25,1,148
1801,25,11,149
1801,25,11,149
1801,25,13,149
1801,25,7,149
1801,25,6,149
1801,25,4,149
1801,25,7,149
1801,25,20,149
1801,25,5,149
1861,25,11,149
1861,25,11,149
1861,25,13,149
1861,25,7,149
1861,25,6,149
1861,25,4,149
1861,25,7,149
1861,25,20,149
1861,25,5,149
1921,25,11,149
1921,25,11,149
1921,25,13,149
1921,25,7,149
1921,25,6,149
1921,25,4,149
1921,25,7,149
1921,25,20,149
1921,25,5,149
2401,25,11,149
2401,25,11,149
2401,25,13,149
2401,25,7,149
2401,25,6,149
2401,25,4,149
2401,25,7,149
2401,25,5,149
1801,25,2,150
1801,25,3,150
1801,25,1,150
1801,25,5,150
1801,25,2,150
1801,25,9,150
1801,25,8,150
1801,25,20,150
1801,25,4,150
1861,25,2,150
1861,25,3,150
1861,25,1,150
1861,25,5,150
1861,25,2,150
1861,25,9,150
1861,25,8,150
1861,25,20,150
1861,25,4,150
1921,25,2,150
1921,25,3,150
1921,25,1,150
1921,25,5,150
1921,25,2,150
1921,25,9,150
1921,25,8,150
1921,25,20,150
1921,25,4,150
2401,25,2,150
2401,25,3,150
2401,25,6,150
2401,25,2,150
2401,25,3,150
2401,25,10,150
2401,25,10,150
2401,25,14,150
1801,25,10,151
1801,25,3,151
1801,25,5,151
1801,25,7,151
1801,25,9,151
1801,25,2,151
1801,25,2,151
1861,25,10,151
1861,25,3,151
1861,25,5,151
1861,25,7,151
1861,25,9,151
1861,25,2,151
1861,25,2,151
1921,25,10,151
1921,25,3,151
1921,25,5,151
1921,25,7,151
1921,25,9,151
1921,25,2,151
1921,25,2,151
2401,25,10,151
2401,25,3,151
2401,25,5,151
2401,25,7,151
2401,25,9,151
2401,25,11,151
2401,25,1,151
2401,25,2,151
1801,25,1,152
1801,25,1,152
1801,25,10,152
1801,25,18,152
1801,25,1,152
1801,25,7,152
1801,25,5,152
1801,25,10,152
1801,25,2,152
1801,25,11,152
1861,25,1,152
1861,25,1,152
1861,25,10,152
1861,25,18,152
1861,25,1,152
1861,25,7,152
1861,25,5,152
1861,25,10,152
1861,25,2,152
1861,25,11,152
1921,25,2,152
1921,25,10,152
1921,25,18,152
1921,25,1,152
1921,25,7,152
1921,25,25,152
1921,25,2,152
1921,25,11,152
2401,25,10,152
2401,25,11,152
2401,25,7,152
2401,25,19,152
2401,25,10,152
2401,25,11,152
1801,25,52,153
1801,25,3,153
1801,25,24,153
1801,25,2,153
1801,25,2,153
1801,25,5,153
1801,25,2,153
1861,25,6,153
1861,25,1,153
1861,25,5,153
1861,25,4,153
1861,25,7,153
1861,25,2,153
1861,25,2,153
1861,25,5,153
1861,25,2,153
1921,25,1,153
1921,25,6,153
1921,25,5,153
1921,25,7,153
1921,25,2,153
1921,25,2,153
1921,25,5,153
1921,25,2,153
2401,25,5,153
2401,25,13,153
2401,25,10,153
2401,25,24,153
2401,25,1,153
2401,25,5,153
2401,25,2,153
1801,25,4,154
1801,25,3,154
1801,25,22,154
1801,25,4,154
1801,25,20,154
1801,25,10,154
1801,25,1,154
1801,25,10,154
1801,25,10,154
1801,25,13,154
1801,25,9,154
1861,25,4,154
1861,25,3,154
1861,25,1,154
1861,25,1,154
1861,25,4,154
1861,25,20,154
1861,25,10,154
1861,25,1,154
1861,25,10,154
1861,25,10,154
1861,25,13,154
1861,25,9,154
1921,25,4,154
1921,25,3,154
1921,25,1,154
1921,25,1,154
1921,25,4,154
1921,25,3,154
1921,25,13,154
1921,25,9,154
2401,25,5,154
2401,25,1,154
2401,25,3,154
2401,25,12,154
2401,25,3,154
2401,25,13,154
2401,25,9,154
1801,25,3,155
1801,25,26,155
1801,25,2,155
1801,25,23,155
1801,25,3,155
1801,25,9,155
1801,25,2,155
1801,25,6,155
1861,25,3,155
1861,25,5,155
1861,25,1,155
1861,25,2,155
1861,25,1,155
1861,25,2,155
1861,25,3,155
1861,25,9,155
1861,25,2,155
1861,25,6,155
1921,25,3,155
1921,25,1,155
1921,25,1,155
1921,25,2,155
1921,25,1,155
1921,25,2,155
1921,25,3,155
1921,25,9,155
1921,25,2,155
1921,25,6,155
2401,25,3,155
2401,25,1,155
2401,25,2,155
2401,25,3,155
2401,25,9,155
2401,25,2,155
2401,25,6,155
1801,25,20,156
1801,25,4,156
1801,25,17,156
1801,25,11,156
1801,25,3,156
1801,25,20,156
1801,25,2,156
1801,25,13,156
1861,25,20,156
1861,25,4,156
1861,25,17,156
1861,25,11,156
1861,25,3,156
1861,25,20,156
1861,25,2,156
1861,25,13,156
1921,25,10,156
1921,25,1,156
1921,25,11,156
1921,25,3,156
1921,25,2,156
1921,25,13,156
2401,25,20,156
2401,25,1,156
2401,25,11,156
2401,25,10,156
2401,25,3,156
2401,25,7,156
2401,25,13,156
2401,25,13,156
1801,25,9,157
1801,25,4,157
1801,25,5,157
1801,25,7,157
1801,25,1,157
1801,25,5,157
1801,25,10,157
1801,25,4,157
1801,25,2,157
1801,25,3,157
1861,25,9,157
1861,25,4,157
1861,25,5,157
1861,25,7,157
1861,25,1,157
1861,25,5,157
1861,25,10,157
1861,25,4,157
1861,25,2,157
1861,25,3,157
1921,25,9,157
1921,25,4,157
1921,25,5,157
1921,25,7,157
1921,25,1,157
1921,25,5,157
1921,25,10,157
1921,25,4,157
1921,25,2,157
1921,25,3,157
2401,25,3,157
2401,25,14,157
2401,25,1,157
2401,25,7,157
2401,25,1,157
2401,25,5,157
2401,25,10,157
2401,25,4,157
2401,25,2,157
2401,25,3,157
1801,25,2,158
1801,25,20,158
1801,25,1,158
1801,25,17,158
1801,25,15,158
1801,25,15,158
1801,25,16,158
1801,25,4,158
1861,25,2,158
1861,25,20,158
1861,25,1,158
1861,25,17,158
1861,25,15,158
1861,25,15,158
1861,25,16,158
1861,25,4,158
1921,25,2,158
1921,25,20,158
1921,25,1,158
1921,25,17,158
1921,25,15,158
1921,25,15,158
1921,25,16,158
1921,25,4,158
2401,25,2,158
2401,25,10,158
2401,25,5,158
2401,25,3,158
2401,25,15,158
2401,25,15,158
2401,25,16,158
2401,25,4,158
1801,25,2,159
1801,25,10,159
1801,25,15,159
1801,25,14,159
1801,25,3,159
1801,25,7,159
1801,25,20,159
1801,25,7,159
1861,25,2,159
1861,25,10,159
1861,25,15,159
1861,25,14,159
1861,25,3,159
1861,25,7,159
1861,25,7,159
1921,25,2,159
1921,25,10,159
1921,25,15,159
1921,25,14,159
1921,25,3,159
1921,25,7,159
1921,25,7,159
2401,25,2,159
2401,25,3,159
2401,25,7,159
2401,25,15,159
2401,25,14,159
2401,25,3,159
2401,25,7,159
2401,25,4,159
2401,25,7,159
1801,25,15,160
1801,25,5,160
1801,25,5,160
1801,25,4,160
1801,25,20,160
1801,25,10,160
1801,25,1,160
1801,25,4,160
1861,25,15,160
1861,25,5,160
1861,25,5,160
1861,25,4,160
1861,25,20,160
1861,25,1,160
1861,25,4,160
1921,25,15,160
1921,25,5,160
1921,25,5,160
1921,25,4,160
1921,25,10,160
1921,25,1,160
1921,25,4,160
2401,25,1,160
2401,25,1,160
2401,25,4,160
2401,25,5,160
2401,25,4,160
2401,25,20,160
2401,25,10,160
2401,25,1,160
2401,25,4,160
1801,50,9,161
1801,50,17,161
1801,50,22,161
1801,50,6,161
1801,50,4,161
1801,50,3,161
1801,50,9,161
1801,50,5,161
1801,50,15,161
1861,50,9,161
1861,50,17,161
1861,50,1,161
1861,50,1,161
1861,50,6,161
1861,50,4,161
1861,50,3,161
1861,50,9,161
1861,50,5,161
1861,50,15,161
1921,50,6,161
1921,50,5,161
1921,50,5,161
1921,50,1,161
1921,50,1,161
1921,50,6,161
1921,50,4,161
1921,50,3,161
1921,50,7,161
1921,50,7,161
1921,50,15,161
2401,50,6,161
2401,50,1,161
2401,50,1,161
2401,50,1,161
2401,50,9,161
2401,50,3,161
2401,50,10,161
2401,50,3,161
1801,50,20,162
1801,50,3,162
1801,50,1,162
1801,50,11,162
1801,50,2,162
1801,50,13,162
1801,50,30,162
1861,50,3,162
1861,50,1,162
1861,50,11,162
1861,50,13,162
1861,50,6,162
1921,50,3,162
1921,50,1,162
1921,50,1,162
1921,50,20,162
1921,50,19,162
1921,50,6,162
2401,50,1,162
2401,50,3,162
2401,50,1,162
2401,50,5,162
2401,50,11,162
2401,50,3,162
2401,50,6,162
1801,50,3,163
1801,50,10,163
1801,50,3,163
1801,50,1,163
1801,50,1,163
1801,50,9,163
1801,50,1,163
1801,50,8,163
1801,50,12,163
1801,50,12,163
1861,50,3,163
1861,50,10,163
1861,50,3,163
1861,50,1,163
1861,50,1,163
1861,50,9,163
1861,50,1,163
1861,50,8,163
1861,50,12,163
1861,50,12,163
1921,50,3,163
1921,50,10,163
1921,50,4,163
1921,50,1,163
1921,50,9,163
1921,50,1,163
1921,50,12,163
1921,50,12,163
2401,50,3,163
2401,50,10,163
2401,50,24,163
2401,50,1,163
2401,50,9,163
2401,50,1,163
2401,50,10,163
2401,50,2,163
1801,50,33,164
1801,50,3,164
1801,50,14,164
1801,50,8,164
1801,50,2,164
1801,50,4,164
1801,50,2,164
1801,50,14,164
1861,50,9,164
1861,50,3,164
1861,50,10,164
1861,50,14,164
1921,50,9,164
1921,50,3,164
1921,50,16,164
1921,50,14,164
2401,50,4,164
2401,50,5,164
2401,50,7,164
2401,50,3,164
2401,50,1,164
2401,50,2,164
1801,50,4,165
1801,50,4,165
1801,50,10,165
1801,50,16,165
1801,50,3,165
1801,50,6,165
1801,50,26,165
1801,50,1,165
1801,50,10,165
1861,50,4,165
1861,50,4,165
1861,50,20,165
1861,50,16,165
1861,50,3,165
1861,50,6,165
1861,50,20,165
1861,50,1,165
1861,50,10,165
1921,50,4,165
1921,50,4,165
1921,50,2,165
1921,50,4,165
1921,50,3,165
1921,50,6,165
1921,50,1,165
1921,50,10,165
2401,50,4,165
2401,50,20,165
2401,50,4,165
2401,50,6,165
2401,50,2,165
2401,50,8,165
2401,50,7,165
2401,50,1,165
1801,50,8,166
1801,50,14,166
1801,50,22,166
1801,50,4,166
1801,50,7,166
1801,50,22,166
1801,50,13,166
1861,50,8,166
1861,50,14,166
1861,50,10,166
1861,50,4,166
1861,50,7,166
1861,50,1,166
1861,50,1,166
1861,50,2,166
1861,50,1,166
1921,50,8,166
1921,50,30,166
1921,50,7,166
1921,50,1,166
1921,50,13,166
1921,50,1,166
2401,50,3,166
2401,50,13,166
2401,50,1,166
2401,50,5,166
2401,50,4,166
2401,50,3,166
2401,50,1,166
2401,50,4,166
1801,50,21,167
1801,50,22,167
1801,50,4,167
1801,50,1,167
1801,50,15,167
1801,50,2,167
1801,50,20,167
1801,50,3,167
1861,50,1,167
1861,50,10,167
1861,50,1,167
1861,50,15,167
1861,50,3,167
1921,50,1,167
1921,50,1,167
1921,50,15,167
1921,50,4,167
1921,50,3,167
2401,50,11,167
2401,50,17,167
2401,50,20,167
2401,50,3,167
2401,50,14,167
2401,50,8,167
2401,50,4,167
2401,50,3,167
1801,50,6,168
1801,50,16,168
1801,50,1,168
1801,50,10,168
1801,50,10,168
1801,50,1,168
1801,50,4,168
1801,50,19,168
1801,50,23,168
1861,50,6,168
1861,50,16,168
1861,50,1,168
1861,50,1,168
1861,50,4,168
1861,50,19,168
1861,50,10,168
1861,50,1,168
1921,50,6,168
1921,50,16,168
1921,50,1,168
1921,50,10,168
1921,50,1,168
1921,50,4,168
1921,50,19,168
1921,50,20,168
1921,50,1,168
2401,50,6,168
2401,50,16,168
2401,50,1,168
2401,50,20,168
2401,50,1,168
2401,50,10,168
2401,50,7,168
2401,50,11,168
1801,50,29,169
1801,50,3,169
1801,50,22,169
1801,50,5,169
1801,50,5,169
1801,50,6,169
1801,50,28,169
1861,50,9,169
1861,50,3,169
1861,50,7,169
1861,50,5,169
1861,50,5,169
1861,50,5,169
1861,50,1,169
1861,50,7,169
1921,50,2,169
1921,50,7,169
1921,50,3,169
1921,50,7,169
1921,50,5,169
1921,50,5,169
1921,50,5,169
1921,50,1,169
1921,50,7,169
2401,50,9,169
2401,50,3,169
2401,50,7,169
2401,50,5,169
2401,50,1,169
2401,50,20,169
2401,50,6,169
2401,50,5,169
1801,50,21,170
1801,50,1,170
1801,50,11,170
1801,50,1,170
1801,50,7,170
1801,50,20,170
1801,50,27,170
1801,50,2,170
1861,50,1,170
1861,50,10,170
1861,50,1,170
1861,50,11,170
1861,50,1,170
1861,50,7,170
1861,50,7,170
1861,50,2,170
1921,50,1,170
1921,50,11,170
1921,50,11,170
1921,50,1,170
1921,50,7,170
1921,50,2,170
1921,50,5,170
1921,50,2,170
2401,50,1,170
2401,50,1,170
2401,50,10,170
2401,50,1,170
2401,50,1,170
2401,50,7,170
2401,50,1,170
2401,50,14,170
2401,50,2,170
1801,50,3,171
1801,50,16,171
1801,50,19,171
1801,50,7,171
1801,50,21,171
1801,50,19,171
1801,50,4,171
1801,50,1,171
1861,50,3,171
1861,50,4,171
1861,50,5,171
1861,50,7,171
1861,50,1,171
1861,50,19,171
1861,50,4,171
1861,50,1,171
1921,50,3,171
1921,50,4,171
1921,50,5,171
1921,50,7,171
1921,50,1,171
1921,50,10,171
1921,50,19,171
1921,50,4,171
1921,50,1,171
2401,50,3,171
2401,50,1,171
2401,50,7,171
2401,50,1,171
2401,50,10,171
2401,50,3,171
2401,50,1,171
1801,50,22,172
1801,50,20,172
1801,50,6,172
1801,50,8,172
1801,50,5,172
1801,50,4,172
1801,50,1,172
1801,50,4,172
1801,50,6,172
1801,50,2,172
1861,50,2,172
1861,50,10,172
1861,50,6,172
1861,50,5,172
1861,50,1,172
1861,50,4,172
1861,50,2,172
1921,50,2,172
1921,50,18,172
1921,50,10,172
1921,50,9,172
1921,50,1,172
1921,50,4,172
1921,50,2,172
2401,50,9,172
2401,50,11,172
2401,50,3,172
2401,50,4,172
2401,50,19,172
2401,50,2,172
1801,50,20,173
1801,50,5,173
1801,50,3,173
1801,50,8,173
1801,50,1,173
1801,50,4,173
1801,50,5,173
1801,50,6,173
1801,50,4,173
1861,50,5,173
1861,50,3,173
1861,50,5,173
1861,50,3,173
1861,50,1,173
1861,50,4,173
1861,50,5,173
1861,50,6,173
1861,50,4,173
1921,50,10,173
1921,50,5,173
1921,50,3,173
1921,50,5,173
1921,50,3,173
1921,50,1,173
1921,50,4,173
1921,50,5,173
1921,50,6,173
1921,50,4,173
2401,50,20,173
2401,50,10,173
2401,50,1,173
2401,50,20,173
2401,50,4,173
2401,50,5,173
1801,50,6,174
1801,50,1,174
1801,50,1,174
1801,50,6,174
1801,50,10,174
1801,50,2,174
1801,50,2,174
1801,50,16,174
1801,50,6,174
1861,50,20,174
1861,50,1,174
1861,50,1,174
1861,50,2,174
1861,50,2,174
1861,50,16,174
1861,50,6,174
1921,50,1,174
1921,50,1,174
1921,50,10,174
1921,50,16,174
1921,50,6,174
2401,50,13,174
2401,50,4,174
2401,50,1,174
2401,50,10,174
2401,50,10,174
2401,50,2,174
1801,50,1,175
1801,50,5,175
1801,50,2,175
1801,50,1,175
1801,50,4,175
1801,50,7,175
1801,50,21,175
1801,50,9,175
1861,50,1,175
1861,50,5,175
1861,50,20,175
1861,50,1,175
1861,50,4,175
1861,50,7,175
1861,50,1,175
1861,50,9,175
1921,50,1,175
1921,50,5,175
1921,50,10,175
1921,50,1,175
1921,50,4,175
1921,50,7,175
1921,50,1,175
1921,50,9,175
2401,50,1,175
2401,50,5,175
2401,50,10,175
2401,50,1,175
2401,50,4,175
2401,50,7,175
2401,50,7,175
2401,50,13,175
1801,50,6,176
1801,50,4,176
1801,50,4,176
1801,50,2,176
1801,50,5,176
1801,50,8,176
1801,50,7,176
1801,50,15,176
1801,50,9,176
1861,50,6,176
1861,50,10,176
1861,50,4,176
1861,50,2,176
1861,50,5,176
1861,50,17,176
1861,50,15,176
1861,50,9,176
1921,50,6,176
1921,50,10,176
1921,50,2,176
1921,50,5,176
1921,50,17,176
1921,50,15,176
1921,50,9,176
2401,50,6,176
2401,50,20,176
2401,50,10,176
2401,50,1,176
2401,50,20,176
2401,50,3,176
2401,50,10,176
2401,50,5,176
2401,50,9,176
1801,50,9,177
1801,50,12,177
1801,50,6,177
1801,50,12,177
1801,50,6,177
1801,50,6,177
1801,50,15,177
1801,50,4,177
1861,50,9,177
1861,50,12,177
1861,50,6,177
1861,50,12,177
1861,50,6,177
1861,50,6,177
1861,50,15,177
1921,50,9,177
1921,50,12,177
1921,50,6,177
1921,50,12,177
1921,50,6,177
1921,50,6,177
1921,50,3,177
2401,50,3,177
2401,50,10,177
2401,50,10,177
2401,50,3,177
1801,50,10,178
1801,50,1,178
1801,50,7,178
1801,50,7,178
1801,50,4,178
1801,50,14,178
1801,50,10,178
1801,50,5,178
1861,50,10,178
1861,50,7,178
1861,50,4,178
1861,50,14,178
1861,50,10,178
1861,50,5,178
1921,50,10,178
1921,50,7,178
1921,50,4,178
1921,50,14,178
1921,50,10,178
1921,50,5,178
2401,50,3,178
2401,50,3,178
2401,50,7,178
2401,50,1,178
2401,50,2,178
2401,50,7,178
2401,50,10,178
2401,50,15,178
1801,50,5,179
1801,50,16,179
1801,50,13,179
1801,50,8,179
1801,50,3,179
1801,50,12,179
1801,50,3,179
1801,50,20,179
1801,50,4,179
1861,50,5,179
1861,50,16,179
1861,50,13,179
1861,50,8,179
1861,50,3,179
1861,50,12,179
1861,50,3,179
1861,50,4,179
1921,50,5,179
1921,50,3,179
1921,50,8,179
1921,50,3,179
1921,50,12,179
1921,50,3,179
1921,50,4,179
2401,50,20,179
2401,50,1,179
2401,50,10,179
2401,50,3,179
2401,50,5,179
2401,50,3,179
2401,50,3,179
2401,50,3,179
2401,50,4,179
1801,50,1,180
1801,50,22,180
1801,50,12,180
1801,50,20,180
1801,50,14,180
1801,50,1,180
1801,50,13,180
1801,50,6,180
1801,50,9,180
1861,50,1,180
1861,50,2,180
1861,50,12,180
1861,50,14,180
1861,50,1,180
1861,50,13,180
1861,50,6,180
1861,50,9,180
1921,50,1,180
1921,50,10,180
1921,50,1,180
1921,50,13,180
1921,50,6,180
1921,50,9,180
2401,50,1,180
2401,50,10,180
2401,50,10,180
2401,50,5,180
2401,50,3,180
2401,50,3,180
1801,50,19,181
1801,50,1,181
1801,50,3,181
1801,50,8,181
1801,50,3,181
1801,50,8,181
1801,50,7,181
1801,50,5,181
1801,50,6,181
1861,50,19,181
1861,50,1,181
1861,50,3,181
1861,50,8,181
1861,50,3,181
1861,50,8,181
1861,50,7,181
1861,50,5,181
1861,50,6,181
1921,50,19,181
1921,50,1,181
1921,50,3,181
1921,50,8,181
1921,50,3,181
1921,50,8,181
1921,50,7,181
1921,50,5,181
1921,50,6,181
2401,50,19,181
2401,50,1,181
2401,50,3,181
2401,50,26,181
2401,50,1,181
2401,50,7,181
2401,50,5,181
2401,50,6,181
1801,50,12,182
1801,50,9,182
1801,50,5,182
1801,50,10,182
1801,50,6,182
1801,50,10,182
1801,50,5,182
1801,50,3,182
1861,50,12,182
1861,50,9,182
1861,50,5,182
1861,50,10,182
1861,50,6,182
1861,50,10,182
1861,50,5,182
1861,50,3,182
1921,50,12,182
1921,50,9,182
1921,50,5,182
1921,50,10,182
1921,50,6,182
1921,50,10,182
1921,50,5,182
1921,50,3,182
2401,50,12,182
2401,50,9,182
2401,50,5,182
2401,50,10,182
2401,50,1,182
2401,50,9,182
2401,50,10,182
2401,50,5,182
2401,50,3,182
1801,50,28,183
1801,50,24,183
1801,50,4,183
1801,50,6,183
1801,50,6,183
1801,50,6,183
1801,50,17,183
1801,50,11,183
1861,50,1,183
1861,50,17,183
1861,50,10,183
1861,50,4,183
1861,50,10,183
1861,50,17,183
1861,50,1,183
1921,50,1,183
1921,50,17,183
1921,50,10,183
1921,50,4,183
1921,50,20,183
1921,50,22,183
1921,50,3,183
1921,50,1,183
2401,50,2,183
2401,50,4,183
2401,50,10,183
2401,50,14,183
2401,50,10,183
2401,50,10,183
2401,50,2,183
2401,50,3,183
2401,50,1,183
1801,50,15,184
1801,50,3,184
1801,50,15,184
1801,50,2,184
1801,50,3,184
1801,50,7,184
1801,50,6,184
1801,50,3,184
1801,50,20,184
1801,50,4,184
1861,50,15,184
1861,50,3,184
1861,50,15,184
1861,50,2,184
1861,50,3,184
1861,50,7,184
1861,50,6,184
1861,50,3,184
1861,50,10,184
1861,50,4,184
1921,50,15,184
1921,50,3,184
1921,50,15,184
1921,50,3,184
1921,50,7,184
1921,50,6,184
1921,50,3,184
1921,50,4,184
2401,50,15,184
2401,50,3,184
2401,50,3,184
2401,50,10,184
2401,50,7,184
2401,50,3,184
2401,50,6,184
2401,50,1,184
2401,50,10,184
2401,50,4,184
1801,50,25,185
1801,50,9,185
1801,50,4,185
1801,50,1,185
1801,50,16,185
1801,50,5,185
1801,50,3,185
1801,50,7,185
1861,50,4,185
1861,50,1,185
1861,50,9,185
1861,50,10,185
1861,50,1,185
1861,50,16,185
1861,50,5,185
1861,50,3,185
1861,50,7,185
1921,50,4,185
1921,50,1,185
1921,50,9,185
1921,50,1,185
1921,50,16,185
1921,50,5,185
1921,50,3,185
1921,50,7,185
2401,50,2,185
2401,50,1,185
2401,50,9,185
2401,50,9,185
2401,50,1,185
2401,50,1,185
2401,50,16,185
2401,50,5,185
2401,50,3,185
2401,50,7,185
1801,50,10,186
1801,50,9,186
1801,50,7,186
1801,50,1,186
1801,50,4,186
1801,50,15,186
1801,50,16,186
1861,50,10,186
1861,50,9,186
1861,50,7,186
1861,50,1,186
1861,50,4,186
1861,50,15,186
1861,50,16,186
1921,50,10,186
1921,50,9,186
1921,50,7,186
1921,50,10,186
1921,50,1,186
1921,50,4,186
1921,50,15,186
1921,50,16,186
2401,50,10,186
2401,50,5,186
2401,50,11,186
2401,50,11,186
2401,50,1,186
2401,50,1,186
2401,50,20,186
2401,50,1,186
1801,50,3,187
1801,50,5,187
1801,50,5,187
1801,50,24,187
1801,50,8,187
1801,50,8,187
1801,50,3,187
1801,50,7,187
1801,50,5,187
1801,50,10,187
1861,50,3,187
1861,50,5,187
1861,50,5,187
1861,50,1,187
1861,50,8,187
1861,50,5,187
1861,50,6,187
1861,50,3,187
1861,50,7,187
1861,50,5,187
1861,50,10,187
1921,50,3,187
1921,50,5,187
1921,50,5,187
1921,50,1,187
1921,50,20,187
1921,50,3,187
1921,50,6,187
1921,50,3,187
1921,50,7,187
1921,50,5,187
1921,50,10,187
2401,50,3,187
2401,50,5,187
2401,50,5,187
2401,50,1,187
2401,50,1,187
2401,50,1,187
2401,50,17,187
2401,50,5,187
2401,50,10,187
1801,50,25,188
1801,50,1,188
1801,50,6,188
1801,50,10,188
1801,50,9,188
1801,50,1,188
1801,50,26,188
1861,50,2,188
1861,50,3,188
1861,50,1,188
1861,50,6,188
1861,50,9,188
1861,50,1,188
1861,50,4,188
1921,50,2,188
1921,50,3,188
1921,50,5,188
1921,50,1,188
1921,50,1,188
1921,50,10,188
1921,50,4,188
2401,50,17,188
2401,50,1,188
2401,50,10,188
2401,50,1,188
2401,50,10,188
2401,50,1,188
2401,50,10,188
2401,50,4,188
1801,50,14,189
1801,50,27,189
1801,50,4,189
1801,50,6,189
1801,50,1,189
1801,50,5,189
1801,50,18,189
1801,50,4,189
1801,50,11,189
1861,50,14,189
1861,50,5,189
1861,50,2,189
1861,50,6,189
1861,50,1,189
1861,50,5,189
1861,50,18,189
1861,50,4,189
1861,50,1,189
1921,50,14,189
1921,50,5,189
1921,50,10,189
1921,50,10,189
1921,50,1,189
1921,50,5,189
1921,50,18,189
1921,50,4,189
1921,50,1,189
2401,50,6,189
2401,50,20,189
2401,50,23,189
2401,50,10,189
2401,50,3,189
2401,50,5,189
2401,50,18,189
2401,50,4,189
2401,50,1,189
1801,50,2,190
1801,50,2,190
1801,50,15,190
1801,50,23,190
1801,50,14,190
1801,50,9,190
1801,50,14,190
1801,50,11,190
1861,50,2,190
1861,50,2,190
1861,50,15,190
1861,50,23,190
1861,50,14,190
1861,50,9,190
1861,50,14,190
1861,50,11,190
1921,50,2,190
1921,50,15,190
1921,50,1,190
1921,50,2,190
1921,50,14,190
1921,50,9,190
1921,50,14,190
1921,50,11,190
2401,50,1,190
2401,50,11,190
2401,50,5,190
2401,50,3,190
2401,50,15,190
2401,50,14,190
2401,50,11,190
1801,50,24,191
1801,50,16,191
1801,50,11,191
1801,50,3,191
1801,50,10,191
1801,50,21,191
1801,50,23,191
1861,50,16,191
1861,50,11,191
1861,50,3,191
1861,50,10,191
1861,50,1,191
1861,50,3,191
1921,50,10,191
1921,50,7,191
1921,50,3,191
1921,50,1,191
1921,50,3,191
2401,50,1,191
2401,50,1,191
2401,50,18,191
2401,50,7,191
2401,50,3,191
2401,50,10,191
2401,50,1,191
2401,50,3,191
1801,50,15,192
1801,50,11,192
1801,50,9,192
1801,50,2,192
1801,50,2,192
1801,50,4,192
1801,50,17,192
1861,50,15,192
1861,50,11,192
1861,50,9,192
1861,50,2,192
1861,50,2,192
1861,50,4,192
1861,50,17,192
1921,50,15,192
1921,50,11,192
1921,50,9,192
1921,50,2,192
1921,50,2,192
1921,50,4,192
1921,50,17,192
2401,50,1,192
2401,50,3,192
2401,50,1,192
2401,50,9,192
2401,50,1,192
2401,50,5,192
2401,50,5,192
2401,50,10,192
2401,50,13,192
1801,50,7,193
1801,50,3,193
1801,50,6,193
1801,50,1,193
1801,50,2,193
1801,50,1,193
1801,50,15,193
1801,50,4,193
1801,50,1,193
1861,50,7,193
1861,50,3,193
1861,50,1,193
1861,50,4,193
1861,50,1,193
1861,50,1,193
1861,50,4,193
1861,50,1,193
1921,50,7,193
1921,50,3,193
1921,50,17,193
1921,50,1,193
1921,50,1,193
1921,50,4,193
1921,50,1,193
2401,50,7,193
2401,50,3,193
2401,50,1,193
2401,50,2,193
2401,50,1,193
1801,50,7,194
1801,50,17,194
1801,50,2,194
1801,50,2,194
1801,50,10,194
1801,50,12,194
1801,50,5,194
1801,50,5,194
1861,50,7,194
1861,50,17,194
1861,50,2,194
1861,50,2,194
1861,50,10,194
1861,50,12,194
1861,50,5,194
1861,50,5,194
1921,50,7,194
1921,50,17,194
1921,50,2,194
1921,50,20,194
1921,50,12,194
1921,50,5,194
1921,50,5,194
2401,50,7,194
2401,50,17,194
2401,50,2,194
2401,50,17,194
2401,50,11,194
2401,50,11,194
2401,50,1,194
1801,50,29,195
1801,50,2,195
1801,50,15,195
1801,50,4,195
1801,50,6,195
1801,50,8,195
1801,50,10,195
1801,50,4,195
1861,50,9,195
1861,50,1,195
1861,50,1,195
1861,50,15,195
1861,50,4,195
1861,50,6,195
1861,50,8,195
1861,50,10,195
1861,50,4,195
1921,50,7,195
1921,50,3,195
1921,50,1,195
1921,50,15,195
1921,50,4,195
1921,50,6,195
1921,50,18,195
1921,50,10,195
1921,50,4,195
2401,50,7,195
2401,50,3,195
2401,50,7,195
2401,50,1,195
2401,50,9,195
2401,50,1,195
2401,50,1,195
2401,50,3,195
2401,50,2,195
1801,50,3,196
1801,50,3,196
1801,50,5,196
1801,50,1,196
1801,50,28,196
1801,50,3,196
1801,50,13,196
1801,50,4,196
1861,50,3,196
1861,50,3,196
1861,50,5,196
1861,50,1,196
1861,50,3,196
1861,50,13,196
1861,50,4,196
1921,50,3,196
1921,50,3,196
1921,50,5,196
1921,50,1,196
1921,50,10,196
1921,50,3,196
1921,50,13,196
1921,50,4,196
2401,50,3,196
2401,50,3,196
2401,50,5,196
2401,50,1,196
2401,50,10,196
2401,50,10,196
2401,50,1,196
2401,50,13,196
2401,50,4,196
1801,50,15,197
1801,50,3,197
1801,50,6,197
1801,50,8,197
1801,50,10,197
1801,50,24,197
1801,50,6,197
1801,50,18,197
1861,50,15,197
1861,50,3,197
1861,50,10,197
1861,50,10,197
1861,50,2,197
1861,50,6,197
1861,50,18,197
1921,50,15,197
1921,50,3,197
1921,50,10,197
1921,50,10,197
1921,50,2,197
1921,50,6,197
1921,50,18,197
2401,50,15,197
2401,50,3,197
2401,50,4,197
2401,50,6,197
2401,50,18,197
1801,50,11,198
1801,50,10,198
1801,50,13,198
1801,50,13,198
1801,50,17,198
1801,50,7,198
1801,50,19,198
1861,50,11,198
1861,50,10,198
1861,50,13,198
1861,50,13,198
1861,50,17,198
1861,50,7,198
1861,50,19,198
1921,50,11,198
1921,50,10,198
1921,50,13,198
1921,50,13,198
1921,50,17,198
1921,50,7,198
1921,50,19,198
2401,50,1,198
2401,50,5,198
2401,50,3,198
2401,50,5,198
2401,50,7,198
2401,50,3,198
2401,50,4,198
2401,50,3,198
2401,50,10,198
2401,50,9,198
1801,50,21,199
1801,50,1,199
1801,50,10,199
1801,50,17,199
1801,50,2,199
1801,50,21,199
1801,50,1,199
1801,50,1,199
1861,50,1,199
1861,50,1,199
1861,50,17,199
1861,50,2,199
1861,50,11,199
1861,50,1,199
1861,50,1,199
1921,50,11,199
1921,50,1,199
1921,50,10,199
1921,50,17,199
1921,50,2,199
1921,50,11,199
1921,50,1,199
1921,50,1,199
2401,50,1,199
2401,50,1,199
2401,50,1,199
2401,50,2,199
2401,50,11,199
2401,50,1,199
2401,50,1,199
1801,50,21,200
1801,50,22,200
1801,50,5,200
1801,50,5,200
1801,50,19,200
1801,50,21,200
1801,50,6,200
1801,50,9,200
1861,50,21,200
1861,50,1,200
1861,50,1,200
1861,50,5,200
1861,50,5,200
1861,50,19,200
1861,50,1,200
1861,50,6,200
1861,50,9,200
1921,50,1,200
1921,50,1,200
1921,50,1,200
1921,50,5,200
1921,50,5,200
1921,50,19,200
1921,50,1,200
1921,50,6,200
1921,50,9,200
2401,50,1,200
2401,50,1,200
2401,50,11,200
2401,50,5,200
2401,50,2,200
2401,50,3,200
2401,50,2,200
2401,50,1,200
2401,50,1,200
2401,50,3,200
