fraction_exposure,fold,id
0.874,0,1
0.892,0,2
0.868,0,3
0.8792,0,4
0.8228,0,5
0.8324,0,6
0.8568,0,7
0.8856,0,8
0.8596,0,9
0.8594,0,10
0.7872,1,11
0.7836,1,12
0.8032,1,13
0.8266,1,14
0.8584,1,15
0.8378,1,16
0.8082,1,17
0.8694,1,18
0.8646,1,19
0.8176,1,20
0.7484,4,21
0.683,4,22
0.7248,4,23
0.8008,4,24
0.6814,4,25
0.7658,4,26
0.7402,4,27
0.7666,4,28
0.7622,4,29
0.745,4,30
0.6732,10,31
0.6084,10,32
0.6494,10,33
0.6076,10,34
0.527,10,35
0.5354,10,36
0.5968,10,37
0.589,10,38
0.6078,10,39
0.5458,10,40
0.645,25,41
0.4904,25,42
0.3718,25,43
0.3342,25,44
0.3498,25,45
0.365,25,46
0.341,25,47
0.3464,25,48
0.3724,25,49
0.3558,25,50
0.317,50,51
0.271,50,52
0.2712,50,53
0.2454,50,54
0.2012,50,55
0.2424,50,56
0.2248,50,57
0.2544,50,58
0.189,50,59
0.2254,50,60
0.8226,0,61
0.8336,0,62
0.85,0,63
0.8766,0,64
0.8222,0,65
0.894,0,66
0.8604,0,67
0.8544,0,68
0.886,0,69
0.8526,0,70
0.7996,1,71
0.8044,1,72
0.7888,1,73
0.8188,1,74
0.8348,1,75
0.7908,1,76
0.8798,1,77
0.7924,1,78
0.849,1,79
0.8666,1,80
0.775,4,81
0.7172,4,82
0.7642,4,83
0.7378,4,84
0.8022,4,85
0.6664,4,86
0.7728,4,87
0.7466,4,88
0.7118,4,89
0.7662,4,90
0.6074,10,91
0.5966,10,92
0.5328,10,93
0.5756,10,94
0.6284,10,95
0.6402,10,96
0.5544,10,97
0.5666,10,98
0.6312,10,99
0.5402,10,100
0.376,25,101
0.6562,25,102
0.4288,25,103
0.3702,25,104
0.417,25,105
0.391,25,106
0.402,25,107
0.396,25,108
0.4026,25,109
0.3884,25,110
0.2468,50,111
0.2576,50,112
0.2724,50,113
0.2748,50,114
0.317,50,115
0.2824,50,116
0.2874,50,117
0.2526,50,118
0.2806,50,119
0.2578,50,120
0.88,0,121
0.898,0,122
0.8526,0,123
0.8654,0,124
0.9066,0,125
0.904,0,126
0.8678,0,127
0.8376,0,128
0.7884,0,129
0.8572,0,130
0.8084,1,131
0.8466,1,132
0.8286,1,133
0.8504,1,134
0.823,1,135
0.8248,1,136
0.8358,1,137
0.8232,1,138
0.8128,1,139
0.8354,1,140
0.7058,4,141
0.6886,4,142
0.7546,4,143
0.7212,4,144
0.7056,4,145
0.6768,4,146
0.6872,4,147
0.6652,4,148
0.811,4,149
0.756,4,150
0.5668,10,151
0.6924,10,152
0.5538,10,153
0.5628,10,154
0.6158,10,155
0.5632,10,156
0.649,10,157
0.6272,10,158
0.635,10,159
0.5738,10,160
0.3608,25,161
0.3934,25,162
0.4484,25,163
0.3564,25,164
0.369,25,165
0.3734,25,166
0.3542,25,167
0.4126,25,168
0.3888,25,169
0.3576,25,170
0.2404,50,171
0.2532,50,172
0.2842,50,173
0.2756,50,174
0.197,50,175
0.2656,50,176
0.2722,50,177
0.2198,50,178
0.2552,50,179
0.214,50,180
0.907,0,181
0.8384,0,182
0.8658,0,183
0.8362,0,184
0.897,0,185
0.8472,0,186
0.898,0,187
0.8556,0,188
0.8456,0,189
0.8716,0,190
0.8314,1,191
0.8288,1,192
0.847,1,193
0.809,1,194
0.8108,1,195
0.8204,1,196
0.8024,1,197
0.8034,1,198
0.8066,1,199
0.8482,1,200
0.6926,4,201
0.6604,4,202
0.7376,4,203
0.7862,4,204
0.7404,4,205
0.7348,4,206
0.6788,4,207
0.7666,4,208
0.7632,4,209
0.8022,4,210
0.5916,10,211
0.6216,10,212
0.654,10,213
0.6072,10,214
0.5864,10,215
0.5482,10,216
0.571,10,217
0.7012,10,218
0.6184,10,219
0.5198,10,220
0.3898,25,221
0.3486,25,222
0.3812,25,223
0.3534,25,224
0.319,25,225
0.3992,25,226
0.4062,25,227
0.3962,25,228
0.3052,25,229
0.4,25,230
0.278,50,231
0.2146,50,232
0.2156,50,233
0.297,50,234
0.186,50,235
0.2346,50,236
0.2402,50,237
0.2292,50,238
0.2,50,239
0.335,50,240
0.8724,0,241
0.837,0,242
0.8338,0,243
0.8566,0,244
0.8678,0,245
0.8854,0,246
0.8898,0,247
0.8764,0,248
0.861,0,249
0.88,0,250
0.8134,1,251
0.8846,1,252
0.7918,1,253
0.8436,1,254
0.8076,1,255
0.8042,1,256
0.7972,1,257
0.7936,1,258
0.8038,1,259
0.7896,1,260
0.6996,4,261
0.7638,4,262
0.7628,4,263
0.703,4,264
0.6388,4,265
0.77,4,266
0.729,4,267
0.7432,4,268
0.771,4,269
0.7174,4,270
0.5778,10,271
0.5658,10,272
0.6444,10,273
0.5724,10,274
0.568,10,275
0.5584,10,276
0.5912,10,277
0.5662,10,278
0.5038,10,279
0.6,10,280
0.4328,25,281
0.4086,25,282
0.4032,25,283
0.371,25,284
0.317,25,285
0.4494,25,286
0.34,25,287
0.394,25,288
0.3852,25,289
0.3806,25,290
0.2546,50,291
0.2564,50,292
0.2138,50,293
0.2462,50,294
0.2036,50,295
0.2682,50,296
0.2288,50,297
0.2486,50,298
0.2122,50,299
0.2294,50,300
0.854,0,301
0.8274,0,302
0.8372,0,303
0.8188,0,304
0.8762,0,305
0.892,0,306
0.89,0,307
0.8826,0,308
0.8464,0,309
0.8688,0,310
0.8428,1,311
0.8478,1,312
0.7986,1,313
0.8556,1,314
0.8108,1,315
0.8338,1,316
0.8008,1,317
0.857,1,318
0.8012,1,319
0.8254,1,320
0.7832,4,321
0.7082,4,322
0.7074,4,323
0.6916,4,324
0.7346,4,325
0.667,4,326
0.712,4,327
0.6752,4,328
0.7684,4,329
0.7212,4,330
0.605,10,331
0.5546,10,332
0.5734,10,333
0.5144,10,334
0.6066,10,335
0.6444,10,336
0.5616,10,337
0.6126,10,338
0.6242,10,339
0.5914,10,340
0.3798,25,341
0.4244,25,342
0.3476,25,343
0.5084,25,344
0.3622,25,345
0.3908,25,346
0.3704,25,347
0.3728,25,348
0.3866,25,349
0.4206,25,350
0.3108,50,351
0.3538,50,352
0.2982,50,353
0.2478,50,354
0.2738,50,355
0.2634,50,356
0.2604,50,357
0.2816,50,358
0.295,50,359
0.3194,50,360
0.8548,0,361
0.8744,0,362
0.8614,0,363
0.9066,0,364
0.86,0,365
0.8228,0,366
0.904,0,367
0.8642,0,368
0.8288,0,369
0.8918,0,370
0.8404,1,371
0.7848,1,372
0.8204,1,373
0.7984,1,374
0.7636,1,375
0.7634,1,376
0.901,1,377
0.8216,1,378
0.8334,1,379
0.8588,1,380
0.7404,4,381
0.807,4,382
0.7174,4,383
0.7754,4,384
0.7168,4,385
0.7116,4,386
0.7272,4,387
0.7194,4,388
0.7926,4,389
0.7644,4,390
0.6924,10,391
0.5626,10,392
0.5734,10,393
0.5978,10,394
0.5872,10,395
0.6236,10,396
0.582,10,397
0.646,10,398
0.6778,10,399
0.56,10,400
0.4024,25,401
0.4338,25,402
0.373,25,403
0.3648,25,404
0.392,25,405
0.3164,25,406
0.3216,25,407
0.3422,25,408
0.3692,25,409
0.3436,25,410
0.2092,50,411
0.2396,50,412
0.209,50,413
0.2178,50,414
0.2418,50,415
0.2818,50,416
0.2404,50,417
0.2904,50,418
0.225,50,419
0.2242,50,420
0.895,0,421
0.817,0,422
0.8192,0,423
0.88,0,424
0.8888,0,425
0.856,0,426
0.8916,0,427
0.8366,0,428
0.898,0,429
0.8916,0,430
0.8012,1,431
0.7674,1,432
0.8086,1,433
0.7884,1,434
0.8618,1,435
0.8168,1,436
0.8174,1,437
0.8684,1,438
0.7886,1,439
0.7816,1,440
0.7738,4,441
0.7148,4,442
0.7196,4,443
0.7642,4,444
0.7204,4,445
0.7292,4,446
0.7386,4,447
0.6826,4,448
0.7152,4,449
0.7086,4,450
0.6908,10,451
0.6488,10,452
0.545,10,453
0.5936,10,454
0.545,10,455
0.5694,10,456
0.579,10,457
0.5362,10,458
0.6168,10,459
0.5446,10,460
0.3492,25,461
0.3676,25,462
0.3478,25,463
0.3642,25,464
0.4266,25,465
0.3218,25,466
0.4024,25,467
0.46,25,468
0.3906,25,469
0.3486,25,470
0.285,50,471
0.2862,50,472
0.2102,50,473
0.2746,50,474
0.2538,50,475
0.2676,50,476
0.2408,50,477
0.2258,50,478
0.183,50,479
0.2306,50,480
0.8378,0,481
0.898,0,482
0.8534,0,483
0.8586,0,484
0.898,0,485
0.892,0,486
0.8218,0,487
0.862,0,488
0.837,0,489
0.8034,0,490
0.799,1,491
0.8254,1,492
0.8198,1,493
0.82,1,494
0.7848,1,495
0.8602,1,496
0.838,1,497
0.8394,1,498
0.8572,1,499
0.7988,1,500
0.7308,4,501
0.7348,4,502
0.7064,4,503
0.6844,4,504
0.699,4,505
0.755,4,506
0.7352,4,507
0.6874,4,508
0.7736,4,509
0.7342,4,510
0.5636,10,511
0.6312,10,512
0.6356,10,513
0.565,10,514
0.6542,10,515
0.6152,10,516
0.5482,10,517
0.6168,10,518
0.5902,10,519
0.6386,10,520
0.3098,25,521
0.3296,25,522
0.369,25,523
0.4068,25,524
0.4138,25,525
0.4136,25,526
0.4102,25,527
0.3724,25,528
0.395,25,529
0.3896,25,530
0.3264,50,531
0.2554,50,532
0.2932,50,533
0.2454,50,534
0.2638,50,535
0.2658,50,536
0.2794,50,537
0.171,50,538
0.2566,50,539
0.235,50,540
0.8576,0,541
0.8204,0,542
0.8318,0,543
0.859,0,544
0.8808,0,545
0.8588,0,546
0.88,0,547
0.788,0,548
0.8466,0,549
0.8942,0,550
0.8388,1,551
0.8378,1,552
0.8116,1,553
0.843,1,554
0.85,1,555
0.8166,1,556
0.7898,1,557
0.8278,1,558
0.8648,1,559
0.8288,1,560
0.7588,4,561
0.6612,4,562
0.7764,4,563
0.7156,4,564
0.7016,4,565
0.7282,4,566
0.7518,4,567
0.7496,4,568
0.7814,4,569
0.7414,4,570
0.5528,10,571
0.6164,10,572
0.5628,10,573
0.5578,10,574
0.5594,10,575
0.5718,10,576
0.592,10,577
0.504,10,578
0.5358,10,579
0.5638,10,580
0.296,25,581
0.4438,25,582
0.3596,25,583
0.3066,25,584
0.3848,25,585
0.3832,25,586
0.395,25,587
0.3412,25,588
0.3696,25,589
0.3694,25,590
0.2256,50,591
0.2502,50,592
0.1714,50,593
0.2012,50,594
0.268,50,595
0.2546,50,596
0.32,50,597
0.2498,50,598
0.3226,50,599
0.2592,50,600
0.8954,0,601
0.88,0,602
0.837,0,603
0.8866,0,604
0.826,0,605
0.8428,0,606
0.892,0,607
0.8542,0,608
0.8636,0,609
0.8662,0,610
0.7972,1,611
0.8024,1,612
0.821,1,613
0.8434,1,614
0.8614,1,615
0.8196,1,616
0.843,1,617
0.835,1,618
0.8228,1,619
0.8128,1,620
0.7776,4,621
0.7108,4,622
0.73,4,623
0.7954,4,624
0.6956,4,625
0.7574,4,626
0.767,4,627
0.7672,4,628
0.7692,4,629
0.7456,4,630
0.6174,10,631
0.547,10,632
0.701,10,633
0.5582,10,634
0.6062,10,635
0.6146,10,636
0.6064,10,637
0.6536,10,638
0.6026,10,639
0.608,10,640
0.4032,25,641
0.339,25,642
0.5956,25,643
0.35,25,644
0.3524,25,645
0.3632,25,646
0.3216,25,647
0.3878,25,648
0.5542,25,649
0.3172,25,650
0.1996,50,651
0.266,50,652
0.2562,50,653
0.2712,50,654
0.3116,50,655
0.2566,50,656
0.2414,50,657
0.2218,50,658
0.272,50,659
0.263,50,660
0.862,0,661
0.8472,0,662
0.885,0,663
0.8886,0,664
0.8066,0,665
0.846,0,666
0.8966,0,667
0.8538,0,668
0.8154,0,669
0.8646,0,670
0.8094,1,671
0.8342,1,672
0.851,1,673
0.8854,1,674
0.818,1,675
0.8328,1,676
0.7948,1,677
0.8428,1,678
0.8424,1,679
0.7952,1,680
0.7288,4,681
0.6966,4,682
0.7532,4,683
0.7824,4,684
0.6784,4,685
0.7424,4,686
0.816,4,687
0.7682,4,688
0.7142,4,689
0.8052,4,690
0.6498,10,691
0.5672,10,692
0.5834,10,693
0.6724,10,694
0.5984,10,695
0.6024,10,696
0.6166,10,697
0.574,10,698
0.5962,10,699
0.6064,10,700
0.3758,25,701
0.292,25,702
0.3586,25,703
0.374,25,704
0.2846,25,705
0.3636,25,706
0.355,25,707
0.3158,25,708
0.4046,25,709
0.4218,25,710
0.213,50,711
0.2546,50,712
0.2412,50,713
0.1756,50,714
0.2346,50,715
0.2582,50,716
0.2556,50,717
0.2622,50,718
0.2078,50,719
0.2598,50,720
0.8662,0,721
0.8326,0,722
0.8426,0,723
0.8718,0,724
0.8752,0,725
0.8608,0,726
0.8514,0,727
0.8592,0,728
0.8398,0,729
0.8856,0,730
0.8806,1,731
0.847,1,732
0.831,1,733
0.8472,1,734
0.8314,1,735
0.8274,1,736
0.8312,1,737
0.8058,1,738
0.8654,1,739
0.8224,1,740
0.7782,4,741
0.7228,4,742
0.6972,4,743
0.692,4,744
0.7276,4,745
0.7,4,746
0.704,4,747
0.7494,4,748
0.7404,4,749
0.7974,4,750
0.6124,10,751
0.562,10,752
0.5578,10,753
0.5854,10,754
0.5844,10,755
0.6046,10,756
0.5566,10,757
0.6156,10,758
0.5802,10,759
0.6024,10,760
0.3574,25,761
0.2918,25,762
0.3828,25,763
0.4202,25,764
0.459,25,765
0.3846,25,766
0.3606,25,767
0.3408,25,768
0.5058,25,769
0.3468,25,770
0.1896,50,771
0.2028,50,772
0.2538,50,773
0.209,50,774
0.2436,50,775
0.1706,50,776
0.2318,50,777
0.2518,50,778
0.3166,50,779
0.3674,50,780
0.8304,0,781
0.8848,0,782
0.844,0,783
0.8348,0,784
0.916,0,785
0.8558,0,786
0.8716,0,787
0.859,0,788
0.8724,0,789
0.8718,0,790
0.8306,1,791
0.8298,1,792
0.7924,1,793
0.8448,1,794
0.8472,1,795
0.8192,1,796
0.7958,1,797
0.8406,1,798
0.8272,1,799
0.8224,1,800
0.726,4,801
0.7574,4,802
0.775,4,803
0.7352,4,804
0.7506,4,805
0.682,4,806
0.696,4,807
0.7936,4,808
0.71,4,809
0.7,4,810
0.5474,10,811
0.5534,10,812
0.6138,10,813
0.567,10,814
0.5476,10,815
0.5326,10,816
0.5552,10,817
0.5938,10,818
0.5682,10,819
0.5344,10,820
0.328,25,821
0.3848,25,822
0.384,25,823
0.562,25,824
0.285,25,825
0.3422,25,826
0.365,25,827
0.3874,25,828
0.3426,25,829
0.4402,25,830
0.1862,50,831
0.28,50,832
0.3206,50,833
0.2516,50,834
0.3256,50,835
0.27,50,836
0.2138,50,837
0.3042,50,838
0.2102,50,839
0.2078,50,840
0.8646,0,841
0.8756,0,842
0.847,0,843
0.8508,0,844
0.8722,0,845
0.892,0,846
0.888,0,847
0.8834,0,848
0.8206,0,849
0.857,0,850
0.8196,1,851
0.808,1,852
0.7938,1,853
0.8478,1,854
0.8196,1,855
0.7912,1,856
0.7704,1,857
0.8304,1,858
0.8694,1,859
0.8794,1,860
0.8578,4,861
0.7384,4,862
0.7322,4,863
0.7066,4,864
0.7396,4,865
0.7462,4,866
0.6744,4,867
0.7248,4,868
0.6704,4,869
0.7214,4,870
0.5942,10,871
0.5854,10,872
0.655,10,873
0.5822,10,874
0.5954,10,875
0.5744,10,876
0.61,10,877
0.589,10,878
0.6206,10,879
0.6218,10,880
0.4922,25,881
0.3278,25,882
0.4556,25,883
0.3834,25,884
0.4322,25,885
0.303,25,886
0.3836,25,887
0.3174,25,888
0.3702,25,889
0.432,25,890
0.2418,50,891
0.2222,50,892
0.2522,50,893
0.197,50,894
0.2638,50,895
0.235,50,896
0.1978,50,897
0.2506,50,898
0.2196,50,899
0.2474,50,900
0.8766,0,901
0.809,0,902
0.8588,0,903
0.8392,0,904
0.874,0,905
0.8918,0,906
0.8618,0,907
0.8718,0,908
0.8206,0,909
0.886,0,910
0.8318,1,911
0.826,1,912
0.786,1,913
0.859,1,914
0.8012,1,915
0.8374,1,916
0.88,1,917
0.799,1,918
0.8094,1,919
0.7978,1,920
0.7324,4,921
0.7574,4,922
0.6726,4,923
0.7576,4,924
0.753,4,925
0.7136,4,926
0.7846,4,927
0.7442,4,928
0.7384,4,929
0.7494,4,930
0.6084,10,931
0.5388,10,932
0.5722,10,933
0.5904,10,934
0.562,10,935
0.5982,10,936
0.5544,10,937
0.5924,10,938
0.5946,10,939
0.4972,10,940
0.3324,25,941
0.3846,25,942
0.2872,25,943
0.3806,25,944
0.4166,25,945
0.4064,25,946
0.3394,25,947
0.3862,25,948
0.3938,25,949
0.3416,25,950
0.25,50,951
0.251,50,952
0.2432,50,953
0.2892,50,954
0.2424,50,955
0.2138,50,956
0.2916,50,957
0.3136,50,958
0.2798,50,959
0.2142,50,960
0.8766,0,961
0.8178,0,962
0.8298,0,963
0.892,0,964
0.8342,0,965
0.886,0,966
0.8438,0,967
0.802,0,968
0.822,0,969
0.845,0,970
0.824,1,971
0.8136,1,972
0.8412,1,973
0.8734,1,974
0.796,1,975
0.8028,1,976
0.76,1,977
0.8476,1,978
0.8356,1,979
0.8618,1,980
0.832,4,981
0.7636,4,982
0.7102,4,983
0.7368,4,984
0.68,4,985
0.7348,4,986
0.8016,4,987
0.7478,4,988
0.6976,4,989
0.7322,4,990
0.5252,10,991
0.605,10,992
0.5576,10,993
0.5576,10,994
0.5782,10,995
0.5584,10,996
0.5568,10,997
0.5852,10,998
0.601,10,999
0.5946,10,1000
0.3442,25,1001
0.395,25,1002
0.345,25,1003
0.3412,25,1004
0.399,25,1005
0.3602,25,1006
0.439,25,1007
0.4458,25,1008
0.3702,25,1009
0.3144,25,1010
0.1994,50,1011
0.254,50,1012
0.2392,50,1013
0.206,50,1014
0.2826,50,1015
0.264,50,1016
0.333,50,1017
0.25,50,1018
0.284,50,1019
0.296,50,1020
0.8764,0,1021
0.8792,0,1022
0.8274,0,1023
0.895,0,1024
0.8544,0,1025
0.8526,0,1026
0.825,0,1027
0.8538,0,1028
0.885,0,1029
0.862,0,1030
0.794,1,1031
0.8176,1,1032
0.8392,1,1033
0.813,1,1034
0.7992,1,1035
0.8752,1,1036
0.8658,1,1037
0.798,1,1038
0.887,1,1039
0.8552,1,1040
0.757,4,1041
0.7134,4,1042
0.7014,4,1043
0.691,4,1044
0.6752,4,1045
0.7732,4,1046
0.7728,4,1047
0.7472,4,1048
0.7474,4,1049
0.714,4,1050
0.6292,10,1051
0.6288,10,1052
0.5536,10,1053
0.5454,10,1054
0.643,10,1055
0.6358,10,1056
0.5816,10,1057
0.5062,10,1058
0.5986,10,1059
0.6198,10,1060
0.4026,25,1061
0.3148,25,1062
0.3372,25,1063
0.3404,25,1064
0.4028,25,1065
0.514,25,1066
0.3782,25,1067
0.3334,25,1068
0.5416,25,1069
0.4154,25,1070
0.2368,50,1071
0.2958,50,1072
0.1968,50,1073
0.2792,50,1074
0.1968,50,1075
0.248,50,1076
0.1952,50,1077
0.255,50,1078
0.2078,50,1079
0.255,50,1080
0.841,0,1081
0.7812,0,1082
0.8414,0,1083
0.8554,0,1084
0.836,0,1085
0.8474,0,1086
0.856,0,1087
0.9014,0,1088
0.8156,0,1089
0.846,0,1090
0.7962,1,1091
0.803,1,1092
0.768,1,1093
0.803,1,1094
0.8,1,1095
0.834,1,1096
0.7888,1,1097
0.8366,1,1098
0.7916,1,1099
0.8228,1,1100
0.7382,4,1101
0.709,4,1102
0.6978,4,1103
0.7168,4,1104
0.733,4,1105
0.7812,4,1106
0.7486,4,1107
0.8008,4,1108
0.7164,4,1109
0.7154,4,1110
0.5416,10,1111
0.6248,10,1112
0.6088,10,1113
0.5698,10,1114
0.5786,10,1115
0.7236,10,1116
0.5422,10,1117
0.5978,10,1118
0.6024,10,1119
0.6118,10,1120
0.404,25,1121
0.3706,25,1122
0.3352,25,1123
0.4022,25,1124
0.353,25,1125
0.3742,25,1126
0.384,25,1127
0.3794,25,1128
0.3456,25,1129
0.3646,25,1130
0.2108,50,1131
0.2406,50,1132
0.233,50,1133
0.279,50,1134
0.2394,50,1135
0.2938,50,1136
0.188,50,1137
0.3078,50,1138
0.2632,50,1139
0.2214,50,1140
0.8178,0,1141
0.8468,0,1142
0.898,0,1143
0.8378,0,1144
0.874,0,1145
0.8242,0,1146
0.856,0,1147
0.8956,0,1148
0.8058,0,1149
0.7868,0,1150
0.8322,1,1151
0.8378,1,1152
0.7854,1,1153
0.854,1,1154
0.8126,1,1155
0.8196,1,1156
0.892,1,1157
0.8282,1,1158
0.844,1,1159
0.775,1,1160
0.7038,4,1161
0.7778,4,1162
0.7512,4,1163
0.74,4,1164
0.623,4,1165
0.7978,4,1166
0.726,4,1167
0.731,4,1168
0.7874,4,1169
0.6978,4,1170
0.6302,10,1171
0.6002,10,1172
0.5546,10,1173
0.5612,10,1174
0.5316,10,1175
0.573,10,1176
0.571,10,1177
0.622,10,1178
0.5378,10,1179
0.5594,10,1180
0.405,25,1181
0.3552,25,1182
0.3388,25,1183
0.3866,25,1184
0.4164,25,1185
0.3392,25,1186
0.4052,25,1187
0.3462,25,1188
0.336,25,1189
0.5236,25,1190
0.2308,50,1191
0.2008,50,1192
0.1746,50,1193
0.2018,50,1194
0.2678,50,1195
0.232,50,1196
0.213,50,1197
0.2792,50,1198
0.2392,50,1199
0.229,50,1200
0.8124,0,1201
0.875,0,1202
0.8506,0,1203
0.8276,0,1204
0.8814,0,1205
0.854,0,1206
0.8598,0,1207
0.8616,0,1208
0.8796,0,1209
0.8688,0,1210
0.779,1,1211
0.8444,1,1212
0.841,1,1213
0.8058,1,1214
0.7488,1,1215
0.8006,1,1216
0.7916,1,1217
0.8346,1,1218
0.8564,1,1219
0.8534,1,1220
0.6852,4,1221
0.7152,4,1222
0.7188,4,1223
0.8004,4,1224
0.6602,4,1225
0.7356,4,1226
0.697,4,1227
0.6806,4,1228
0.7064,4,1229
0.7198,4,1230
0.5852,10,1231
0.614,10,1232
0.6092,10,1233
0.5802,10,1234
0.578,10,1235
0.5362,10,1236
0.5682,10,1237
0.6922,10,1238
0.6712,10,1239
0.5672,10,1240
0.3656,25,1241
0.3478,25,1242
0.447,25,1243
0.3422,25,1244
0.3256,25,1245
0.3386,25,1246
0.3876,25,1247
0.3984,25,1248
0.416,25,1249
0.3898,25,1250
0.249,50,1251
0.1958,50,1252
0.2458,50,1253
0.2528,50,1254
0.3312,50,1255
0.2006,50,1256
0.3,50,1257
0.2924,50,1258
0.2708,50,1259
0.286,50,1260
0.866,0,1261
0.886,0,1262
0.8606,0,1263
0.907,0,1264
0.8374,0,1265
0.876,0,1266
0.9134,0,1267
0.8672,0,1268
0.896,0,1269
0.8214,0,1270
0.8246,1,1271
0.8718,1,1272
0.8104,1,1273
0.8572,1,1274
0.8058,1,1275
0.8316,1,1276
0.8134,1,1277
0.8286,1,1278
0.809,1,1279
0.858,1,1280
0.7506,4,1281
0.7228,4,1282
0.704,4,1283
0.7434,4,1284
0.8272,4,1285
0.7388,4,1286
0.709,4,1287
0.6446,4,1288
0.7148,4,1289
0.7322,4,1290
0.6414,10,1291
0.5586,10,1292
0.5638,10,1293
0.593,10,1294
0.566,10,1295
0.6568,10,1296
0.5694,10,1297
0.5604,10,1298
0.5686,10,1299
0.671,10,1300
0.3302,25,1301
0.402,25,1302
0.3528,25,1303
0.276,25,1304
0.3646,25,1305
0.3438,25,1306
0.4264,25,1307
0.3944,25,1308
0.3608,25,1309
0.4076,25,1310
0.2194,50,1311
0.2314,50,1312
0.2488,50,1313
0.3626,50,1314
0.2434,50,1315
0.2434,50,1316
0.249,50,1317
0.2302,50,1318
0.2486,50,1319
0.3072,50,1320
0.8166,0,1321
0.886,0,1322
0.8652,0,1323
0.841,0,1324
0.8526,0,1325
0.8738,0,1326
0.8444,0,1327
0.82,0,1328
0.828,0,1329
0.8858,0,1330
0.7562,1,1331
0.8194,1,1332
0.8548,1,1333
0.7986,1,1334
0.8738,1,1335
0.8454,1,1336
0.8238,1,1337
0.837,1,1338
0.822,1,1339
0.8384,1,1340
0.762,4,1341
0.7526,4,1342
0.7124,4,1343
0.7466,4,1344
0.7256,4,1345
0.758,4,1346
0.8054,4,1347
0.7406,4,1348
0.7004,4,1349
0.634,4,1350
0.5824,10,1351
0.5684,10,1352
0.544,10,1353
0.5888,10,1354
0.621,10,1355
0.5808,10,1356
0.6572,10,1357
0.6548,10,1358
0.584,10,1359
0.5554,10,1360
0.4448,25,1361
0.3984,25,1362
0.3714,25,1363
0.3288,25,1364
0.3626,25,1365
0.3932,25,1366
0.4042,25,1367
0.3522,25,1368
0.3844,25,1369
0.3978,25,1370
0.2182,50,1371
0.2204,50,1372
0.1656,50,1373
0.2482,50,1374
0.2594,50,1375
0.2986,50,1376
0.2378,50,1377
0.2252,50,1378
0.2008,50,1379
0.2592,50,1380
0.8784,0,1381
0.866,0,1382
0.8736,0,1383
0.8606,0,1384
0.8524,0,1385
0.895,0,1386
0.8958,0,1387
0.904,0,1388
0.8558,0,1389
0.8072,0,1390
0.8398,1,1391
0.8398,1,1392
0.842,1,1393
0.8304,1,1394
0.855,1,1395
0.816,1,1396
0.8336,1,1397
0.8306,1,1398
0.8256,1,1399
0.8572,1,1400
0.7086,4,1401
0.8138,4,1402
0.7754,4,1403
0.6904,4,1404
0.6886,4,1405
0.7208,4,1406
0.7288,4,1407
0.726,4,1408
0.7476,4,1409
0.6244,4,1410
0.659,10,1411
0.5888,10,1412
0.5876,10,1413
0.5602,10,1414
0.5794,10,1415
0.5404,10,1416
0.6272,10,1417
0.6204,10,1418
0.5926,10,1419
0.5816,10,1420
0.2974,25,1421
0.4524,25,1422
0.3866,25,1423
0.4128,25,1424
0.3502,25,1425
0.393,25,1426
0.425,25,1427
0.3628,25,1428
0.403,25,1429
0.3774,25,1430
0.2898,50,1431
0.261,50,1432
0.2122,50,1433
0.2468,50,1434
0.2346,50,1435
0.3648,50,1436
0.2636,50,1437
0.1964,50,1438
0.2438,50,1439
0.2124,50,1440
0.8604,0,1441
0.8308,0,1442
0.8738,0,1443
0.8428,0,1444
0.8488,0,1445
0.876,0,1446
0.8654,0,1447
0.8434,0,1448
0.8286,0,1449
0.82,0,1450
0.8474,1,1451
0.8244,1,1452
0.8376,1,1453
0.892,1,1454
0.8154,1,1455
0.8224,1,1456
0.79,1,1457
0.8568,1,1458
0.8744,1,1459
0.8508,1,1460
0.7392,4,1461
0.7662,4,1462
0.7468,4,1463
0.7102,4,1464
0.7464,4,1465
0.7822,4,1466
0.7004,4,1467
0.7028,4,1468
0.7828,4,1469
0.7512,4,1470
0.5106,10,1471
0.5448,10,1472
0.569,10,1473
0.6352,10,1474
0.6334,10,1475
0.619,10,1476
0.637,10,1477
0.6492,10,1478
0.6108,10,1479
0.604,10,1480
0.3306,25,1481
0.3916,25,1482
0.4202,25,1483
0.3534,25,1484
0.4064,25,1485
0.4678,25,1486
0.408,25,1487
0.3066,25,1488
0.4306,25,1489
0.3952,25,1490
0.26,50,1491
0.21,50,1492
0.2774,50,1493
0.2714,50,1494
0.2462,50,1495
0.239,50,1496
0.2572,50,1497
0.244,50,1498
0.2192,50,1499
0.1948,50,1500
0.8566,0,1501
0.877,0,1502
0.8164,0,1503
0.8782,0,1504
0.7892,0,1505
0.8604,0,1506
0.8958,0,1507
0.8284,0,1508
0.8768,0,1509
0.8044,0,1510
0.8348,1,1511
0.8274,1,1512
0.8532,1,1513
0.8378,1,1514
0.8164,1,1515
0.831,1,1516
0.8226,1,1517
0.8198,1,1518
0.8572,1,1519
0.812,1,1520
0.6712,4,1521
0.7048,4,1522
0.7192,4,1523
0.7324,4,1524
0.7212,4,1525
0.716,4,1526
0.7142,4,1527
0.7312,4,1528
0.7248,4,1529
0.7388,4,1530
0.5358,10,1531
0.6224,10,1532
0.716,10,1533
0.636,10,1534
0.6206,10,1535
0.7074,10,1536
0.5744,10,1537
0.7014,10,1538
0.5706,10,1539
0.639,10,1540
0.321,25,1541
0.378,25,1542
0.3808,25,1543
0.478,25,1544
0.3534,25,1545
0.3492,25,1546
0.3236,25,1547
0.4058,25,1548
0.3694,25,1549
0.3596,25,1550
0.2904,50,1551
0.2802,50,1552
0.2312,50,1553
0.2238,50,1554
0.2206,50,1555
0.2698,50,1556
0.2414,50,1557
0.293,50,1558
0.2514,50,1559
0.2148,50,1560
0.8166,0,1561
0.824,0,1562
0.8726,0,1563
0.853,0,1564
0.8612,0,1565
0.872,0,1566
0.8708,0,1567
0.84,0,1568
0.874,0,1569
0.8514,0,1570
0.8016,1,1571
0.8218,1,1572
0.832,1,1573
0.8642,1,1574
0.848,1,1575
0.8222,1,1576
0.8322,1,1577
0.8072,1,1578
0.8426,1,1579
0.8134,1,1580
0.76,4,1581
0.7522,4,1582
0.712,4,1583
0.7626,4,1584
0.7068,4,1585
0.7262,4,1586
0.7582,4,1587
0.6998,4,1588
0.7108,4,1589
0.7218,4,1590
0.5544,10,1591
0.5824,10,1592
0.5254,10,1593
0.5898,10,1594
0.614,10,1595
0.6792,10,1596
0.5954,10,1597
0.603,10,1598
0.5442,10,1599
0.5548,10,1600
0.3564,25,1601
0.3902,25,1602
0.388,25,1603
0.3744,25,1604
0.389,25,1605
0.4302,25,1606
0.3408,25,1607
0.4354,25,1608
0.3956,25,1609
0.405,25,1610
0.2142,50,1611
0.2634,50,1612
0.2332,50,1613
0.244,50,1614
0.2822,50,1615
0.2562,50,1616
0.2326,50,1617
0.2468,50,1618
0.242,50,1619
0.1894,50,1620
0.834,0,1621
0.8784,0,1622
0.7964,0,1623
0.8666,0,1624
0.7942,0,1625
0.8832,0,1626
0.8724,0,1627
0.8602,0,1628
0.8348,0,1629
0.858,0,1630
0.848,1,1631
0.8076,1,1632
0.7632,1,1633
0.8034,1,1634
0.7692,1,1635
0.8414,1,1636
0.8792,1,1637
0.7972,1,1638
0.8498,1,1639
0.803,1,1640
0.746,4,1641
0.7404,4,1642
0.7108,4,1643
0.782,4,1644
0.741,4,1645
0.7622,4,1646
0.75,4,1647
0.7616,4,1648
0.7024,4,1649
0.7804,4,1650
0.5774,10,1651
0.5694,10,1652
0.6064,10,1653
0.6708,10,1654
0.616,10,1655
0.5994,10,1656
0.578,10,1657
0.5656,10,1658
0.582,10,1659
0.5466,10,1660
0.329,25,1661
0.3748,25,1662
0.3804,25,1663
0.4496,25,1664
0.3374,25,1665
0.4392,25,1666
0.3518,25,1667
0.3392,25,1668
0.4044,25,1669
0.3744,25,1670
0.2794,50,1671
0.2994,50,1672
0.2154,50,1673
0.2782,50,1674
0.279,50,1675
0.2018,50,1676
0.2496,50,1677
0.2532,50,1678
0.225,50,1679
0.2172,50,1680
0.839,0,1681
0.8074,0,1682
0.855,0,1683
0.847,0,1684
0.8214,0,1685
0.8546,0,1686
0.8888,0,1687
0.8552,0,1688
0.886,0,1689
0.856,0,1690
0.8318,1,1691
0.763,1,1692
0.8,1,1693
0.8546,1,1694
0.8122,1,1695
0.8134,1,1696
0.7798,1,1697
0.7898,1,1698
0.8278,1,1699
0.7966,1,1700
0.7148,4,1701
0.786,4,1702
0.7618,4,1703
0.712,4,1704
0.72,4,1705
0.7534,4,1706
0.8318,4,1707
0.7408,4,1708
0.7638,4,1709
0.7036,4,1710
0.5672,10,1711
0.5514,10,1712
0.5902,10,1713
0.5466,10,1714
0.6288,10,1715
0.6404,10,1716
0.5584,10,1717
0.581,10,1718
0.6114,10,1719
0.5966,10,1720
0.3662,25,1721
0.3564,25,1722
0.37,25,1723
0.3998,25,1724
0.3918,25,1725
0.4594,25,1726
0.322,25,1727
0.4104,25,1728
0.4142,25,1729
0.3758,25,1730
0.1966,50,1731
0.263,50,1732
0.2152,50,1733
0.258,50,1734
0.2102,50,1735
0.1842,50,1736
0.1872,50,1737
0.2708,50,1738
0.2404,50,1739
0.2342,50,1740
0.8518,0,1741
0.892,0,1742
0.856,0,1743
0.826,0,1744
0.874,0,1745
0.8702,0,1746
0.8528,0,1747
0.787,0,1748
0.8668,0,1749
0.8644,0,1750
0.8106,1,1751
0.7922,1,1752
0.8034,1,1753
0.7846,1,1754
0.808,1,1755
0.8218,1,1756
0.7622,1,1757
0.822,1,1758
0.8524,1,1759
0.8788,1,1760
0.6856,4,1761
0.718,4,1762
0.704,4,1763
0.704,4,1764
0.725,4,1765
0.6778,4,1766
0.6968,4,1767
0.7432,4,1768
0.7284,4,1769
0.7316,4,1770
0.6486,10,1771
0.5248,10,1772
0.5276,10,1773
0.5356,10,1774
0.6532,10,1775
0.5708,10,1776
0.5756,10,1777
0.573,10,1778
0.5914,10,1779
0.6004,10,1780
0.4282,25,1781
0.3222,25,1782
0.4102,25,1783
0.3912,25,1784
0.3812,25,1785
0.378,25,1786
0.3496,25,1787
0.3904,25,1788
0.4834,25,1789
0.4328,25,1790
0.214,50,1791
0.192,50,1792
0.2556,50,1793
0.235,50,1794
0.2066,50,1795
0.2406,50,1796
0.2726,50,1797
0.2746,50,1798
0.213,50,1799
0.1926,50,1800
0.8736,0,1801
0.8816,0,1802
0.856,0,1803
0.8528,0,1804
0.8508,0,1805
0.7952,0,1806
0.8566,0,1807
0.789,0,1808
0.8526,0,1809
0.8256,0,1810
0.82,1,1811
0.7492,1,1812
0.7482,1,1813
0.7696,1,1814
0.805,1,1815
0.7784,1,1816
0.7808,1,1817
0.8274,1,1818
0.7782,1,1819
0.801,1,1820
0.6082,4,1821
0.674,4,1822
0.6698,4,1823
0.6324,4,1824
0.6016,4,1825
0.6552,4,1826
0.6736,4,1827
0.6882,4,1828
0.7206,4,1829
0.6494,4,1830
0.549,10,1831
0.4782,10,1832
0.5066,10,1833
0.4686,10,1834
0.521,10,1835
0.543,10,1836
0.4708,10,1837
0.575,10,1838
0.5038,10,1839
0.4564,10,1840
0.3456,25,1841
0.292,25,1842
0.3228,25,1843
0.3236,25,1844
0.2838,25,1845
0.3034,25,1846
0.3612,25,1847
0.3276,25,1848
0.3538,25,1849
0.2696,25,1850
0.219,50,1851
0.2074,50,1852
0.1884,50,1853
0.1774,50,1854
0.1514,50,1855
0.2302,50,1856
0.2214,50,1857
0.2014,50,1858
0.1698,50,1859
0.1618,50,1860
0.8284,0,1861
0.7996,0,1862
0.8674,0,1863
0.896,0,1864
0.8152,0,1865
0.8366,0,1866
0.8492,0,1867
0.7918,0,1868
0.8602,0,1869
0.8458,0,1870
0.7786,1,1871
0.7852,1,1872
0.7902,1,1873
0.7848,1,1874
0.8038,1,1875
0.8096,1,1876
0.7864,1,1877
0.7394,1,1878
0.7986,1,1879
0.7342,1,1880
0.647,4,1881
0.7204,4,1882
0.6304,4,1883
0.7072,4,1884
0.6526,4,1885
0.5982,4,1886
0.757,4,1887
0.6618,4,1888
0.6746,4,1889
0.6832,4,1890
0.5126,10,1891
0.4918,10,1892
0.4834,10,1893
0.5234,10,1894
0.4446,10,1895
0.5282,10,1896
0.4346,10,1897
0.531,10,1898
0.4752,10,1899
0.4996,10,1900
0.3374,25,1901
0.2766,25,1902
0.2702,25,1903
0.322,25,1904
0.2722,25,1905
0.271,25,1906
0.3046,25,1907
0.3236,25,1908
0.2958,25,1909
0.3754,25,1910
0.1718,50,1911
0.1458,50,1912
0.1714,50,1913
0.2074,50,1914
0.174,50,1915
0.2346,50,1916
0.1776,50,1917
0.1912,50,1918
0.1938,50,1919
0.201,50,1920
0.8298,0,1921
0.8168,0,1922
0.824,0,1923
0.8022,0,1924
0.7934,0,1925
0.7628,0,1926
0.8058,0,1927
0.8138,0,1928
0.8576,0,1929
0.8208,0,1930
0.8088,1,1931
0.7474,1,1932
0.8086,1,1933
0.7876,1,1934
0.804,1,1935
0.809,1,1936
0.8128,1,1937
0.7856,1,1938
0.7926,1,1939
0.8016,1,1940
0.6962,4,1941
0.6896,4,1942
0.6122,4,1943
0.6548,4,1944
0.6438,4,1945
0.711,4,1946
0.692,4,1947
0.6044,4,1948
0.5852,4,1949
0.688,4,1950
0.4896,10,1951
0.5114,10,1952
0.4618,10,1953
0.5062,10,1954
0.4372,10,1955
0.516,10,1956
0.5164,10,1957
0.487,10,1958
0.503,10,1959
0.5366,10,1960
0.3176,25,1961
0.2772,25,1962
0.3074,25,1963
0.3046,25,1964
0.2912,25,1965
0.2938,25,1966
0.3002,25,1967
0.298,25,1968
0.284,25,1969
0.2472,25,1970
0.1794,50,1971
0.1766,50,1972
0.1986,50,1973
0.1474,50,1974
0.1766,50,1975
0.1684,50,1976
0.1754,50,1977
0.1612,50,1978
0.169,50,1979
0.2136,50,1980
0.7574,0,1981
0.8106,0,1982
0.851,0,1983
0.8324,0,1984
0.803,0,1985
0.7494,0,1986
0.7896,0,1987
0.7904,0,1988
0.8394,0,1989
0.8786,0,1990
0.812,1,1991
0.8296,1,1992
0.7914,1,1993
0.7766,1,1994
0.818,1,1995
0.7976,1,1996
0.7782,1,1997
0.6964,1,1998
0.7764,1,1999
0.757,1,2000
0.6424,4,2001
0.675,4,2002
0.6594,4,2003
0.6454,4,2004
0.6722,4,2005
0.6258,4,2006
0.6702,4,2007
0.6684,4,2008
0.6888,4,2009
0.705,4,2010
0.5472,10,2011
0.4916,10,2012
0.5042,10,2013
0.4114,10,2014
0.4726,10,2015
0.4984,10,2016
0.4128,10,2017
0.5168,10,2018
0.4736,10,2019
0.5358,10,2020
0.2698,25,2021
0.305,25,2022
0.2568,25,2023
0.2942,25,2024
0.3514,25,2025
0.3024,25,2026
0.321,25,2027
0.2714,25,2028
0.3134,25,2029
0.3668,25,2030
0.205,50,2031
0.1572,50,2032
0.1472,50,2033
0.1902,50,2034
0.1574,50,2035
0.2158,50,2036
0.161,50,2037
0.1634,50,2038
0.1998,50,2039
0.2012,50,2040
0.8302,0,2041
0.791,0,2042
0.843,0,2043
0.8054,0,2044
0.83,0,2045
0.8004,0,2046
0.8664,0,2047
0.87,0,2048
0.8,0,2049
0.8146,0,2050
0.8194,1,2051
0.7616,1,2052
0.7472,1,2053
0.7514,1,2054
0.7502,1,2055
0.745,1,2056
0.7338,1,2057
0.785,1,2058
0.7692,1,2059
0.7338,1,2060
0.6864,4,2061
0.7052,4,2062
0.6716,4,2063
0.6686,4,2064
0.721,4,2065
0.6732,4,2066
0.6478,4,2067
0.691,4,2068
0.623,4,2069
0.697,4,2070
0.5048,10,2071
0.4652,10,2072
0.502,10,2073
0.5226,10,2074
0.4036,10,2075
0.5816,10,2076
0.5174,10,2077
0.5214,10,2078
0.4406,10,2079
0.4776,10,2080
0.2844,25,2081
0.309,25,2082
0.2906,25,2083
0.3418,25,2084
0.33,25,2085
0.3712,25,2086
0.2772,25,2087
0.2956,25,2088
0.2888,25,2089
0.3312,25,2090
0.149,50,2091
0.1822,50,2092
0.1982,50,2093
0.1678,50,2094
0.1876,50,2095
0.2416,50,2096
0.1648,50,2097
0.1946,50,2098
0.1682,50,2099
0.1662,50,2100
0.87,0,2101
0.8268,0,2102
0.795,0,2103
0.846,0,2104
0.7686,0,2105
0.8286,0,2106
0.7364,0,2107
0.8138,0,2108
0.8176,0,2109
0.85,0,2110
0.7868,1,2111
0.866,1,2112
0.7986,1,2113
0.7612,1,2114
0.7928,1,2115
0.8442,1,2116
0.766,1,2117
0.7288,1,2118
0.7784,1,2119
0.833,1,2120
0.6438,4,2121
0.623,4,2122
0.7078,4,2123
0.699,4,2124
0.7146,4,2125
0.6192,4,2126
0.6414,4,2127
0.6644,4,2128
0.6428,4,2129
0.6806,4,2130
0.505,10,2131
0.4614,10,2132
0.4622,10,2133
0.5688,10,2134
0.502,10,2135
0.538,10,2136
0.4848,10,2137
0.5492,10,2138
0.504,10,2139
0.4762,10,2140
0.274,25,2141
0.2566,25,2142
0.3144,25,2143
0.3814,25,2144
0.335,25,2145
0.3616,25,2146
0.291,25,2147
0.2904,25,2148
0.2788,25,2149
0.3338,25,2150
0.2282,50,2151
0.1662,50,2152
0.1826,50,2153
0.2036,50,2154
0.2338,50,2155
0.1572,50,2156
0.174,50,2157
0.1818,50,2158
0.1486,50,2159
0.2018,50,2160
0.8412,0,2161
0.8126,0,2162
0.837,0,2163
0.8038,0,2164
0.8112,0,2165
0.8654,0,2166
0.8244,0,2167
0.8354,0,2168
0.7978,0,2169
0.8818,0,2170
0.849,1,2171
0.8028,1,2172
0.7116,1,2173
0.7534,1,2174
0.8206,1,2175
0.7286,1,2176
0.8014,1,2177
0.798,1,2178
0.7286,1,2179
0.7486,1,2180
0.6582,4,2181
0.6444,4,2182
0.6456,4,2183
0.6426,4,2184
0.684,4,2185
0.7252,4,2186
0.6618,4,2187
0.7216,4,2188
0.687,4,2189
0.6542,4,2190
0.5204,10,2191
0.556,10,2192
0.4432,10,2193
0.5544,10,2194
0.441,10,2195
0.5296,10,2196
0.5556,10,2197
0.5286,10,2198
0.4516,10,2199
0.5098,10,2200
0.294,25,2201
0.2902,25,2202
0.2622,25,2203
0.3416,25,2204
0.3502,25,2205
0.2762,25,2206
0.289,25,2207
0.3206,25,2208
0.2638,25,2209
0.2978,25,2210
0.168,50,2211
0.1756,50,2212
0.1982,50,2213
0.177,50,2214
0.1622,50,2215
0.1824,50,2216
0.145,50,2217
0.196,50,2218
0.1928,50,2219
0.1888,50,2220
0.8318,0,2221
0.8178,0,2222
0.8532,0,2223
0.7994,0,2224
0.85,0,2225
0.8606,0,2226
0.8438,0,2227
0.8092,0,2228
0.8246,0,2229
0.813,0,2230
0.7608,1,2231
0.8022,1,2232
0.7642,1,2233
0.7444,1,2234
0.8014,1,2235
0.7672,1,2236
0.8176,1,2237
0.7638,1,2238
0.8222,1,2239
0.7946,1,2240
0.6112,4,2241
0.671,4,2242
0.6956,4,2243
0.5622,4,2244
0.7182,4,2245
0.6236,4,2246
0.664,4,2247
0.6986,4,2248
0.683,4,2249
0.6294,4,2250
0.5634,10,2251
0.4502,10,2252
0.4504,10,2253
0.5722,10,2254
0.4892,10,2255
0.4742,10,2256
0.467,10,2257
0.532,10,2258
0.4332,10,2259
0.5066,10,2260
0.3502,25,2261
0.258,25,2262
0.3078,25,2263
0.311,25,2264
0.3246,25,2265
0.3048,25,2266
0.3716,25,2267
0.3106,25,2268
0.308,25,2269
0.2782,25,2270
0.1788,50,2271
0.2072,50,2272
0.214,50,2273
0.1726,50,2274
0.222,50,2275
0.218,50,2276
0.182,50,2277
0.1708,50,2278
0.209,50,2279
0.1758,50,2280
0.8252,0,2281
0.8052,0,2282
0.8048,0,2283
0.882,0,2284
0.8548,0,2285
0.809,0,2286
0.8366,0,2287
0.8202,0,2288
0.807,0,2289
0.8514,0,2290
0.7298,1,2291
0.8168,1,2292
0.7786,1,2293
0.8216,1,2294
0.7482,1,2295
0.7744,1,2296
0.7724,1,2297
0.7706,1,2298
0.8122,1,2299
0.6688,1,2300
0.6926,4,2301
0.669,4,2302
0.6292,4,2303
0.6648,4,2304
0.6768,4,2305
0.6746,4,2306
0.6664,4,2307
0.7036,4,2308
0.6866,4,2309
0.6762,4,2310
0.4594,10,2311
0.4856,10,2312
0.548,10,2313
0.4268,10,2314
0.4572,10,2315
0.5274,10,2316
0.4538,10,2317
0.4666,10,2318
0.4814,10,2319
0.4742,10,2320
0.257,25,2321
0.2902,25,2322
0.3336,25,2323
0.3086,25,2324
0.3228,25,2325
0.3012,25,2326
0.2892,25,2327
0.3074,25,2328
0.3172,25,2329
0.3228,25,2330
0.178,50,2331
0.1952,50,2332
0.1722,50,2333
0.1732,50,2334
0.161,50,2335
0.1852,50,2336
0.1904,50,2337
0.2056,50,2338
0.174,50,2339
0.1734,50,2340
0.821,0,2341
0.8136,0,2342
0.8206,0,2343
0.8622,0,2344
0.853,0,2345
0.8354,0,2346
0.8288,0,2347
0.7844,0,2348
0.8352,0,2349
0.8432,0,2350
0.7372,1,2351
0.7666,1,2352
0.7516,1,2353
0.8116,1,2354
0.823,1,2355
0.808,1,2356
0.8082,1,2357
0.8364,1,2358
0.812,1,2359
0.7874,1,2360
0.6306,4,2361
0.685,4,2362
0.6754,4,2363
0.6374,4,2364
0.6374,4,2365
0.6026,4,2366
0.6706,4,2367
0.6154,4,2368
0.655,4,2369
0.6716,4,2370
0.5602,10,2371
0.414,10,2372
0.509,10,2373
0.4664,10,2374
0.5744,10,2375
0.5088,10,2376
0.4924,10,2377
0.473,10,2378
0.514,10,2379
0.5404,10,2380
0.2942,25,2381
0.3122,25,2382
0.3408,25,2383
0.2762,25,2384
0.3516,25,2385
0.3084,25,2386
0.2624,25,2387
0.2952,25,2388
0.282,25,2389
0.3752,25,2390
0.1634,50,2391
0.114,50,2392
0.1874,50,2393
0.1784,50,2394
0.2024,50,2395
0.1892,50,2396
0.2364,50,2397
0.1818,50,2398
0.1872,50,2399
0.1762,50,2400
0.878,0,2401
0.8266,0,2402
0.8594,0,2403
0.847,0,2404
0.884,0,2405
0.8448,0,2406
0.8242,0,2407
0.835,0,2408
0.844,0,2409
0.8472,0,2410
0.7712,1,2411
0.7674,1,2412
0.7962,1,2413
0.8364,1,2414
0.789,1,2415
0.8042,1,2416
0.7868,1,2417
0.8116,1,2418
0.723,1,2419
0.7746,1,2420
0.6774,4,2421
0.6988,4,2422
0.6496,4,2423
0.658,4,2424
0.673,4,2425
0.6798,4,2426
0.721,4,2427
0.7216,4,2428
0.6678,4,2429
0.645,4,2430
0.4666,10,2431
0.5466,10,2432
0.4382,10,2433
0.5218,10,2434
0.4966,10,2435
0.4732,10,2436
0.486,10,2437
0.4982,10,2438
0.4868,10,2439
0.527,10,2440
0.2992,25,2441
0.387,25,2442
0.311,25,2443
0.3088,25,2444
0.3276,25,2445
0.2662,25,2446
0.3078,25,2447
0.262,25,2448
0.2988,25,2449
0.3078,25,2450
0.231,50,2451
0.2088,50,2452
0.1684,50,2453
0.1984,50,2454
0.1674,50,2455
0.1324,50,2456
0.1326,50,2457
0.1886,50,2458
0.2134,50,2459
0.1834,50,2460
0.7994,0,2461
0.839,0,2462
0.8196,0,2463
0.8382,0,2464
0.823,0,2465
0.818,0,2466
0.8472,0,2467
0.7904,0,2468
0.845,0,2469
0.8584,0,2470
0.827,1,2471
0.7804,1,2472
0.7948,1,2473
0.7844,1,2474
0.8508,1,2475
0.769,1,2476
0.7474,1,2477
0.7718,1,2478
0.835,1,2479
0.791,1,2480
0.632,4,2481
0.6942,4,2482
0.6478,4,2483
0.736,4,2484
0.6586,4,2485
0.6728,4,2486
0.6752,4,2487
0.653,4,2488
0.6098,4,2489
0.7078,4,2490
0.559,10,2491
0.5032,10,2492
0.4788,10,2493
0.5254,10,2494
0.5506,10,2495
0.5062,10,2496
0.4864,10,2497
0.5308,10,2498
0.484,10,2499
0.4392,10,2500
0.2906,25,2501
0.32,25,2502
0.2722,25,2503
0.3124,25,2504
0.2802,25,2505
0.3298,25,2506
0.2566,25,2507
0.3202,25,2508
0.3178,25,2509
0.2698,25,2510
0.2206,50,2511
0.1606,50,2512
0.1804,50,2513
0.1766,50,2514
0.2346,50,2515
0.1474,50,2516
0.1498,50,2517
0.1652,50,2518
0.1802,50,2519
0.1686,50,2520
0.825,0,2521
0.7914,0,2522
0.8202,0,2523
0.8736,0,2524
0.884,0,2525
0.8206,0,2526
0.8558,0,2527
0.87,0,2528
0.8376,0,2529
0.8432,0,2530
0.808,1,2531
0.7756,1,2532
0.7906,1,2533
0.7954,1,2534
0.7588,1,2535
0.779,1,2536
0.8006,1,2537
0.816,1,2538
0.7928,1,2539
0.8106,1,2540
0.6196,4,2541
0.6292,4,2542
0.688,4,2543
0.6732,4,2544
0.6822,4,2545
0.6344,4,2546
0.6852,4,2547
0.6598,4,2548
0.6868,4,2549
0.6152,4,2550
0.4806,10,2551
0.5062,10,2552
0.4712,10,2553
0.524,10,2554
0.5146,10,2555
0.4604,10,2556
0.5516,10,2557
0.4518,10,2558
0.5852,10,2559
0.4984,10,2560
0.3066,25,2561
0.2842,25,2562
0.3114,25,2563
0.3366,25,2564
0.3334,25,2565
0.2858,25,2566
0.3,25,2567
0.3366,25,2568
0.3152,25,2569
0.261,25,2570
0.1716,50,2571
0.2252,50,2572
0.1964,50,2573
0.1408,50,2574
0.1634,50,2575
0.1524,50,2576
0.1746,50,2577
0.2014,50,2578
0.22,50,2579
0.221,50,2580
0.836,0,2581
0.8392,0,2582
0.7702,0,2583
0.7732,0,2584
0.8232,0,2585
0.7678,0,2586
0.8016,0,2587
0.8356,0,2588
0.8346,0,2589
0.7958,0,2590
0.7914,1,2591
0.78,1,2592
0.8064,1,2593
0.8148,1,2594
0.7894,1,2595
0.8102,1,2596
0.8424,1,2597
0.7536,1,2598
0.7078,1,2599
0.7954,1,2600
0.6188,4,2601
0.6786,4,2602
0.6418,4,2603
0.6844,4,2604
0.6444,4,2605
0.7048,4,2606
0.6704,4,2607
0.6396,4,2608
0.711,4,2609
0.66,4,2610
0.5526,10,2611
0.5078,10,2612
0.452,10,2613
0.5346,10,2614
0.4684,10,2615
0.4638,10,2616
0.4854,10,2617
0.4686,10,2618
0.5378,10,2619
0.5594,10,2620
0.3354,25,2621
0.2352,25,2622
0.3304,25,2623
0.342,25,2624
0.3118,25,2625
0.2758,25,2626
0.24,25,2627
0.2954,25,2628
0.2952,25,2629
0.3402,25,2630
0.1882,50,2631
0.173,50,2632
0.171,50,2633
0.2064,50,2634
0.1436,50,2635
0.228,50,2636
0.1862,50,2637
0.1736,50,2638
0.1914,50,2639
0.1922,50,2640
0.8276,0,2641
0.8482,0,2642
0.8342,0,2643
0.8328,0,2644
0.8432,0,2645
0.837,0,2646
0.8334,0,2647
0.7988,0,2648
0.838,0,2649
0.868,0,2650
0.7408,1,2651
0.7544,1,2652
0.84,1,2653
0.7412,1,2654
0.776,1,2655
0.7882,1,2656
0.8314,1,2657
0.8268,1,2658
0.7836,1,2659
0.7734,1,2660
0.6422,4,2661
0.6352,4,2662
0.6616,4,2663
0.6268,4,2664
0.6818,4,2665
0.7208,4,2666
0.6734,4,2667
0.6488,4,2668
0.7114,4,2669
0.6468,4,2670
0.509,10,2671
0.4772,10,2672
0.464,10,2673
0.5134,10,2674
0.4832,10,2675
0.5496,10,2676
0.4466,10,2677
0.434,10,2678
0.499,10,2679
0.4874,10,2680
0.328,25,2681
0.344,25,2682
0.2622,25,2683
0.2918,25,2684
0.334,25,2685
0.3088,25,2686
0.2906,25,2687
0.3124,25,2688
0.3174,25,2689
0.3056,25,2690
0.2078,50,2691
0.263,50,2692
0.1876,50,2693
0.1764,50,2694
0.1484,50,2695
0.179,50,2696
0.2298,50,2697
0.1672,50,2698
0.1578,50,2699
0.269,50,2700
0.817,0,2701
0.8332,0,2702
0.8192,0,2703
0.8572,0,2704
0.7782,0,2705
0.8368,0,2706
0.8578,0,2707
0.825,0,2708
0.8436,0,2709
0.808,0,2710
0.7894,1,2711
0.8006,1,2712
0.8046,1,2713
0.7854,1,2714
0.8114,1,2715
0.7992,1,2716
0.8102,1,2717
0.7992,1,2718
0.7184,1,2719
0.7916,1,2720
0.7124,4,2721
0.614,4,2722
0.6198,4,2723
0.6912,4,2724
0.607,4,2725
0.6616,4,2726
0.649,4,2727
0.6668,4,2728
0.6624,4,2729
0.659,4,2730
0.4516,10,2731
0.5376,10,2732
0.514,10,2733
0.547,10,2734
0.5304,10,2735
0.5644,10,2736
0.4394,10,2737
0.5122,10,2738
0.5464,10,2739
0.483,10,2740
0.2576,25,2741
0.3528,25,2742
0.3966,25,2743
0.266,25,2744
0.335,25,2745
0.2972,25,2746
0.2854,25,2747
0.2752,25,2748
0.248,25,2749
0.3136,25,2750
0.1978,50,2751
0.2134,50,2752
0.1772,50,2753
0.2088,50,2754
0.222,50,2755
0.2106,50,2756
0.1496,50,2757
0.2004,50,2758
0.1926,50,2759
0.2294,50,2760
0.8126,0,2761
0.841,0,2762
0.9236,0,2763
0.8094,0,2764
0.8638,0,2765
0.8588,0,2766
0.8798,0,2767
0.854,0,2768
0.8542,0,2769
0.8,0,2770
0.7908,1,2771
0.7828,1,2772
0.8096,1,2773
0.7452,1,2774
0.7038,1,2775
0.7836,1,2776
0.8212,1,2777
0.809,1,2778
0.7188,1,2779
0.7276,1,2780
0.6366,4,2781
0.6876,4,2782
0.6556,4,2783
0.652,4,2784
0.657,4,2785
0.6456,4,2786
0.6526,4,2787
0.6918,4,2788
0.71,4,2789
0.6266,4,2790
0.4676,10,2791
0.5646,10,2792
0.5178,10,2793
0.5778,10,2794
0.4556,10,2795
0.5288,10,2796
0.464,10,2797
0.5476,10,2798
0.4914,10,2799
0.5022,10,2800
0.3,25,2801
0.3064,25,2802
0.3132,25,2803
0.3084,25,2804
0.3184,25,2805
0.2908,25,2806
0.2784,25,2807
0.2892,25,2808
0.282,25,2809
0.2824,25,2810
0.1868,50,2811
0.1708,50,2812
0.2274,50,2813
0.1502,50,2814
0.2138,50,2815
0.19,50,2816
0.1822,50,2817
0.2212,50,2818
0.1712,50,2819
0.2086,50,2820
0.8034,0,2821
0.8472,0,2822
0.8442,0,2823
0.8118,0,2824
0.806,0,2825
0.8128,0,2826
0.8326,0,2827
0.8272,0,2828
0.9164,0,2829
0.7622,0,2830
0.767,1,2831
0.817,1,2832
0.803,1,2833
0.8752,1,2834
0.8164,1,2835
0.758,1,2836
0.8146,1,2837
0.7646,1,2838
0.7294,1,2839
0.792,1,2840
0.5984,4,2841
0.648,4,2842
0.6372,4,2843
0.6494,4,2844
0.6924,4,2845
0.656,4,2846
0.683,4,2847
0.7308,4,2848
0.6528,4,2849
0.6738,4,2850
0.5154,10,2851
0.5664,10,2852
0.5158,10,2853
0.4494,10,2854
0.4968,10,2855
0.424,10,2856
0.5274,10,2857
0.5096,10,2858
0.5352,10,2859
0.5048,10,2860
0.2866,25,2861
0.29,25,2862
0.338,25,2863
0.3,25,2864
0.3048,25,2865
0.2496,25,2866
0.3056,25,2867
0.2724,25,2868
0.2458,25,2869
0.2796,25,2870
0.2128,50,2871
0.1786,50,2872
0.2172,50,2873
0.1972,50,2874
0.1774,50,2875
0.172,50,2876
0.1832,50,2877
0.1634,50,2878
0.1792,50,2879
0.1868,50,2880
0.8158,0,2881
0.8502,0,2882
0.8588,0,2883
0.8492,0,2884
0.857,0,2885
0.8514,0,2886
0.8064,0,2887
0.903,0,2888
0.8004,0,2889
0.7692,0,2890
0.8134,1,2891
0.79,1,2892
0.77,1,2893
0.7822,1,2894
0.7414,1,2895
0.7602,1,2896
0.7356,1,2897
0.775,1,2898
0.8214,1,2899
0.7804,1,2900
0.6408,4,2901
0.6148,4,2902
0.6722,4,2903
0.7086,4,2904
0.6608,4,2905
0.6374,4,2906
0.6698,4,2907
0.7036,4,2908
0.6788,4,2909
0.6882,4,2910
0.5318,10,2911
0.4528,10,2912
0.4686,10,2913
0.4378,10,2914
0.5546,10,2915
0.5162,10,2916
0.4754,10,2917
0.464,10,2918
0.4852,10,2919
0.5728,10,2920
0.2944,25,2921
0.302,25,2922
0.2496,25,2923
0.3186,25,2924
0.3416,25,2925
0.3112,25,2926
0.2528,25,2927
0.296,25,2928
0.3162,25,2929
0.353,25,2930
0.249,50,2931
0.1942,50,2932
0.193,50,2933
0.1662,50,2934
0.204,50,2935
0.151,50,2936
0.1908,50,2937
0.2198,50,2938
0.1574,50,2939
0.1474,50,2940
0.8252,0,2941
0.8656,0,2942
0.869,0,2943
0.8486,0,2944
0.8236,0,2945
0.798,0,2946
0.8486,0,2947
0.7876,0,2948
0.8404,0,2949
0.8104,0,2950
0.7956,1,2951
0.8072,1,2952
0.7884,1,2953
0.755,1,2954
0.7904,1,2955
0.7902,1,2956
0.7518,1,2957
0.7954,1,2958
0.7448,1,2959
0.7904,1,2960
0.7328,4,2961
0.665,4,2962
0.6328,4,2963
0.725,4,2964
0.625,4,2965
0.685,4,2966
0.689,4,2967
0.6326,4,2968
0.6342,4,2969
0.696,4,2970
0.5146,10,2971
0.498,10,2972
0.513,10,2973
0.4372,10,2974
0.4856,10,2975
0.4522,10,2976
0.4702,10,2977
0.521,10,2978
0.4944,10,2979
0.5524,10,2980
0.2964,25,2981
0.2128,25,2982
0.3136,25,2983
0.2968,25,2984
0.3236,25,2985
0.281,25,2986
0.3042,25,2987
0.3302,25,2988
0.305,25,2989
0.208,25,2990
0.244,50,2991
0.1908,50,2992
0.1868,50,2993
0.1548,50,2994
0.1992,50,2995
0.1898,50,2996
0.1588,50,2997
0.1948,50,2998
0.1926,50,2999
0.206,50,3000
0.7512,0,3001
0.7592,0,3002
0.7382,0,3003
0.7522,0,3004
0.7422,0,3005
0.7506,0,3006
0.76,0,3007
0.747,0,3008
0.809,0,3009
0.7436,0,3010
0.7096,1,3011
0.7578,1,3012
0.7054,1,3013
0.7018,1,3014
0.666,1,3015
0.6678,1,3016
0.693,1,3017
0.7194,1,3018
0.717,1,3019
0.6544,1,3020
0.5666,4,3021
0.547,4,3022
0.5642,4,3023
0.5316,4,3024
0.6144,4,3025
0.5788,4,3026
0.6068,4,3027
0.5668,4,3028
0.5548,4,3029
0.5442,4,3030
0.34,10,3031
0.3988,10,3032
0.445,10,3033
0.3976,10,3034
0.388,10,3035
0.4136,10,3036
0.3688,10,3037
0.3648,10,3038
0.3994,10,3039
0.3318,10,3040
0.2344,25,3041
0.2514,25,3042
0.1826,25,3043
0.203,25,3044
0.2196,25,3045
0.1806,25,3046
0.1988,25,3047
0.1828,25,3048
0.2298,25,3049
0.1644,25,3050
0.0898,50,3051
0.1044,50,3052
0.1588,50,3053
0.0958,50,3054
0.1014,50,3055
0.0828,50,3056
0.1128,50,3057
0.0862,50,3058
0.1014,50,3059
0.087,50,3060
0.7606,0,3061
0.7304,0,3062
0.7734,0,3063
0.7178,0,3064
0.7564,0,3065
0.74,0,3066
0.7312,0,3067
0.7544,0,3068
0.7664,0,3069
0.7664,0,3070
0.7602,1,3071
0.7188,1,3072
0.6798,1,3073
0.6694,1,3074
0.628,1,3075
0.7174,1,3076
0.6412,1,3077
0.67,1,3078
0.6084,1,3079
0.7286,1,3080
0.5796,4,3081
0.5324,4,3082
0.574,4,3083
0.5998,4,3084
0.6258,4,3085
0.5672,4,3086
0.54,4,3087
0.548,4,3088
0.5382,4,3089
0.5644,4,3090
0.4606,10,3091
0.3826,10,3092
0.4128,10,3093
0.4288,10,3094
0.3976,10,3095
0.429,10,3096
0.4284,10,3097
0.4302,10,3098
0.3716,10,3099
0.3732,10,3100
0.1964,25,3101
0.2244,25,3102
0.1736,25,3103
0.1894,25,3104
0.1978,25,3105
0.1894,25,3106
0.1852,25,3107
0.166,25,3108
0.1756,25,3109
0.1584,25,3110
0.1358,50,3111
0.0966,50,3112
0.1112,50,3113
0.0998,50,3114
0.0806,50,3115
0.0562,50,3116
0.1012,50,3117
0.0742,50,3118
0.091,50,3119
0.1088,50,3120
0.7402,0,3121
0.7544,0,3122
0.7496,0,3123
0.818,0,3124
0.7314,0,3125
0.7444,0,3126
0.8088,0,3127
0.793,0,3128
0.7242,0,3129
0.806,0,3130
0.7144,1,3131
0.7652,1,3132
0.6704,1,3133
0.6672,1,3134
0.6848,1,3135
0.671,1,3136
0.7306,1,3137
0.641,1,3138
0.6868,1,3139
0.7042,1,3140
0.599,4,3141
0.6392,4,3142
0.6208,4,3143
0.5146,4,3144
0.5158,4,3145
0.5784,4,3146
0.5456,4,3147
0.6486,4,3148
0.5736,4,3149
0.63,4,3150
0.4118,10,3151
0.4404,10,3152
0.3798,10,3153
0.3574,10,3154
0.3638,10,3155
0.4048,10,3156
0.3476,10,3157
0.3732,10,3158
0.4276,10,3159
0.4142,10,3160
0.1892,25,3161
0.2014,25,3162
0.2086,25,3163
0.2046,25,3164
0.1736,25,3165
0.1796,25,3166
0.1838,25,3167
0.2138,25,3168
0.2194,25,3169
0.2158,25,3170
0.0698,50,3171
0.0862,50,3172
0.1152,50,3173
0.1336,50,3174
0.0718,50,3175
0.0994,50,3176
0.0538,50,3177
0.0774,50,3178
0.1494,50,3179
0.113,50,3180
0.8294,0,3181
0.7374,0,3182
0.7456,0,3183
0.7296,0,3184
0.757,0,3185
0.749,0,3186
0.796,0,3187
0.7784,0,3188
0.7142,0,3189
0.7058,0,3190
0.6392,1,3191
0.6962,1,3192
0.6724,1,3193
0.71,1,3194
0.7214,1,3195
0.7308,1,3196
0.6888,1,3197
0.7346,1,3198
0.7384,1,3199
0.7808,1,3200
0.5776,4,3201
0.5664,4,3202
0.5118,4,3203
0.5812,4,3204
0.5422,4,3205
0.5768,4,3206
0.4944,4,3207
0.627,4,3208
0.6,4,3209
0.5962,4,3210
0.3964,10,3211
0.3522,10,3212
0.4258,10,3213
0.3632,10,3214
0.4324,10,3215
0.3828,10,3216
0.4542,10,3217
0.4148,10,3218
0.474,10,3219
0.4114,10,3220
0.199,25,3221
0.1778,25,3222
0.1502,25,3223
0.2278,25,3224
0.2308,25,3225
0.1884,25,3226
0.2634,25,3227
0.2058,25,3228
0.1794,25,3229
0.2544,25,3230
0.073,50,3231
0.114,50,3232
0.0828,50,3233
0.092,50,3234
0.0632,50,3235
0.062,50,3236
0.1032,50,3237
0.1104,50,3238
0.093,50,3239
0.1144,50,3240
0.753,0,3241
0.7972,0,3242
0.7228,0,3243
0.773,0,3244
0.6936,0,3245
0.732,0,3246
0.7398,0,3247
0.7626,0,3248
0.712,0,3249
0.7598,0,3250
0.663,1,3251
0.7246,1,3252
0.72,1,3253
0.7218,1,3254
0.7392,1,3255
0.7204,1,3256
0.6562,1,3257
0.7654,1,3258
0.6042,1,3259
0.7286,1,3260
0.5786,4,3261
0.5974,4,3262
0.5232,4,3263
0.5752,4,3264
0.544,4,3265
0.5944,4,3266
0.5636,4,3267
0.595,4,3268
0.6038,4,3269
0.5896,4,3270
0.4298,10,3271
0.4026,10,3272
0.4176,10,3273
0.4094,10,3274
0.434,10,3275
0.3994,10,3276
0.382,10,3277
0.4212,10,3278
0.3454,10,3279
0.3488,10,3280
0.2034,25,3281
0.185,25,3282
0.2182,25,3283
0.1548,25,3284
0.2092,25,3285
0.1768,25,3286
0.201,25,3287
0.1906,25,3288
0.1766,25,3289
0.1562,25,3290
0.0876,50,3291
0.0878,50,3292
0.0878,50,3293
0.151,50,3294
0.0768,50,3295
0.0984,50,3296
0.0898,50,3297
0.0818,50,3298
0.0788,50,3299
0.0982,50,3300
0.8058,0,3301
0.7922,0,3302
0.787,0,3303
0.7388,0,3304
0.7732,0,3305
0.76,0,3306
0.7598,0,3307
0.7136,0,3308
0.7182,0,3309
0.7874,0,3310
0.761,1,3311
0.7142,1,3312
0.684,1,3313
0.7252,1,3314
0.6826,1,3315
0.7612,1,3316
0.731,1,3317
0.7838,1,3318
0.6804,1,3319
0.7022,1,3320
0.5848,4,3321
0.6342,4,3322
0.6152,4,3323
0.5512,4,3324
0.6384,4,3325
0.5822,4,3326
0.5862,4,3327
0.5752,4,3328
0.5406,4,3329
0.5778,4,3330
0.4252,10,3331
0.3452,10,3332
0.4128,10,3333
0.435,10,3334
0.416,10,3335
0.353,10,3336
0.373,10,3337
0.4364,10,3338
0.4002,10,3339
0.3444,10,3340
0.212,25,3341
0.1802,25,3342
0.2452,25,3343
0.1536,25,3344
0.2054,25,3345
0.166,25,3346
0.2032,25,3347
0.1826,25,3348
0.194,25,3349
0.18,25,3350
0.1158,50,3351
0.0892,50,3352
0.106,50,3353
0.0524,50,3354
0.1376,50,3355
0.0934,50,3356
0.1206,50,3357
0.1272,50,3358
0.1366,50,3359
0.085,50,3360
0.7602,0,3361
0.7688,0,3362
0.766,0,3363
0.7894,0,3364
0.7856,0,3365
0.76,0,3366
0.7022,0,3367
0.7412,0,3368
0.7936,0,3369
0.7664,0,3370
0.7148,1,3371
0.6632,1,3372
0.757,1,3373
0.6556,1,3374
0.7154,1,3375
0.6616,1,3376
0.6988,1,3377
0.712,1,3378
0.7396,1,3379
0.7204,1,3380
0.5798,4,3381
0.5562,4,3382
0.5348,4,3383
0.5884,4,3384
0.5614,4,3385
0.5714,4,3386
0.5666,4,3387
0.578,4,3388
0.5942,4,3389
0.5576,4,3390
0.4046,10,3391
0.4298,10,3392
0.4186,10,3393
0.4134,10,3394
0.4216,10,3395
0.404,10,3396
0.4086,10,3397
0.4564,10,3398
0.3514,10,3399
0.3846,10,3400
0.191,25,3401
0.2198,25,3402
0.2102,25,3403
0.2286,25,3404
0.2378,25,3405
0.2314,25,3406
0.198,25,3407
0.2246,25,3408
0.1934,25,3409
0.2348,25,3410
0.1002,50,3411
0.1368,50,3412
0.0734,50,3413
0.0744,50,3414
0.0996,50,3415
0.0908,50,3416
0.0886,50,3417
0.0826,50,3418
0.1266,50,3419
0.1108,50,3420
0.7552,0,3421
0.7558,0,3422
0.7416,0,3423
0.8086,0,3424
0.752,0,3425
0.752,0,3426
0.692,0,3427
0.7226,0,3428
0.8184,0,3429
0.8146,0,3430
0.7108,1,3431
0.7422,1,3432
0.7336,1,3433
0.6938,1,3434
0.7636,1,3435
0.6772,1,3436
0.7578,1,3437
0.7486,1,3438
0.7268,1,3439
0.7552,1,3440
0.578,4,3441
0.5754,4,3442
0.6218,4,3443
0.5296,4,3444
0.5824,4,3445
0.5764,4,3446
0.5446,4,3447
0.579,4,3448
0.5824,4,3449
0.577,4,3450
0.4292,10,3451
0.4006,10,3452
0.444,10,3453
0.4876,10,3454
0.325,10,3455
0.3938,10,3456
0.4046,10,3457
0.3486,10,3458
0.407,10,3459
0.4024,10,3460
0.2,25,3461
0.1942,25,3462
0.2554,25,3463
0.2252,25,3464
0.1862,25,3465
0.2186,25,3466
0.1704,25,3467
0.1942,25,3468
0.1972,25,3469
0.1822,25,3470
0.1088,50,3471
0.101,50,3472
0.073,50,3473
0.144,50,3474
0.1134,50,3475
0.0854,50,3476
0.0734,50,3477
0.0976,50,3478
0.1312,50,3479
0.1188,50,3480
0.7526,0,3481
0.8108,0,3482
0.7688,0,3483
0.7574,0,3484
0.715,0,3485
0.7596,0,3486
0.7942,0,3487
0.8196,0,3488
0.806,0,3489
0.8002,0,3490
0.6912,1,3491
0.7586,1,3492
0.6668,1,3493
0.7026,1,3494
0.7016,1,3495
0.688,1,3496
0.6766,1,3497
0.7088,1,3498
0.7754,1,3499
0.728,1,3500
0.5692,4,3501
0.5924,4,3502
0.603,4,3503
0.5216,4,3504
0.5484,4,3505
0.5182,4,3506
0.5952,4,3507
0.5504,4,3508
0.571,4,3509
0.56,4,3510
0.3838,10,3511
0.3824,10,3512
0.3886,10,3513
0.3774,10,3514
0.4692,10,3515
0.3602,10,3516
0.4528,10,3517
0.4142,10,3518
0.4264,10,3519
0.4176,10,3520
0.2528,25,3521
0.1594,25,3522
0.168,25,3523
0.2108,25,3524
0.228,25,3525
0.2008,25,3526
0.175,25,3527
0.1696,25,3528
0.1514,25,3529
0.2044,25,3530
0.0772,50,3531
0.1322,50,3532
0.117,50,3533
0.1284,50,3534
0.1176,50,3535
0.0756,50,3536
0.0936,50,3537
0.0658,50,3538
0.1066,50,3539
0.0932,50,3540
0.7266,0,3541
0.7884,0,3542
0.7938,0,3543
0.756,0,3544
0.7442,0,3545
0.7064,0,3546
0.753,0,3547
0.797,0,3548
0.7544,0,3549
0.6924,0,3550
0.6566,1,3551
0.671,1,3552
0.7252,1,3553
0.7878,1,3554
0.6958,1,3555
0.6516,1,3556
0.6952,1,3557
0.7216,1,3558
0.6848,1,3559
0.7802,1,3560
0.5174,4,3561
0.588,4,3562
0.628,4,3563
0.5498,4,3564
0.5906,4,3565
0.5868,4,3566
0.6078,4,3567
0.6408,4,3568
0.5672,4,3569
0.5638,4,3570
0.4588,10,3571
0.4134,10,3572
0.4008,10,3573
0.4002,10,3574
0.374,10,3575
0.4208,10,3576
0.4688,10,3577
0.4192,10,3578
0.4082,10,3579
0.4394,10,3580
0.2088,25,3581
0.2388,25,3582
0.1938,25,3583
0.2162,25,3584
0.1404,25,3585
0.1666,25,3586
0.235,25,3587
0.241,25,3588
0.1992,25,3589
0.2116,25,3590
0.078,50,3591
0.0826,50,3592
0.1016,50,3593
0.13,50,3594
0.0762,50,3595
0.0954,50,3596
0.092,50,3597
0.0754,50,3598
0.1112,50,3599
0.083,50,3600
