time,extension,std
1,0.6648936170212766,0.0
2,0.6648936170212766,0.0
3,0.6648936170212766,0.0
4,0.6648936170212766,0.0
5,0.6648936170212766,0.0
6,0.6648936170212766,0.0
7,0.6648936170212766,0.0
8,0.6648936170212766,0.0
9,0.6808510638297872,0.04757591441488915
10,0.6808510638297872,0.04757591441488915
11,0.6808510638297872,0.04757591441488915
12,0.6808510638297872,0.04757591441488915
13,0.6808510638297872,0.04757591441488915
14,0.6808510638297872,0.04757591441488915
15,0.6808510638297872,0.04757591441488915
16,0.6808510638297872,0.04757591441488915
17,0.6808510638297872,0.04757591441488915
18,0.6808510638297872,0.04757591441488915
19,0.6808510638297872,0.04757591441488915
20,0.6808510638297872,0.04757591441488915
21,0.6808510638297872,0.04757591441488915
22,0.6808510638297872,0.04757591441488915
23,0.6808510638297872,0.04757591441488915
24,0.6808510638297872,0.04757591441488915
25,0.6968085106382979,0.05826835718140065
26,0.6968085106382979,0.05826835718140065
27,0.6968085106382979,0.05826835718140065
28,0.6968085106382979,0.05826835718140065
29,0.6968085106382979,0.05826835718140065
30,0.6968085106382979,0.05826835718140065
31,0.6968085106382979,0.05826835718140065
32,0.6968085106382979,0.05826835718140065
33,0.6968085106382979,0.05826835718140065
34,0.6968085106382979,0.05826835718140065
35,0.6968085106382979,0.05826835718140065
36,0.7127659574468086,0.05826835718140065
37,0.7127659574468086,0.05826835718140065
38,0.7127659574468086,0.05826835718140065
39,0.7127659574468086,0.05826835718140065
40,0.7127659574468086,0.05826835718140065
41,0.7127659574468086,0.05826835718140065
42,0.7127659574468086,0.05826835718140065
43,0.7127659574468086,0.05826835718140065
44,0.7127659574468086,0.05826835718140065
45,0.7127659574468086,0.05826835718140065
46,0.7127659574468086,0.05826835718140065
47,0.7127659574468086,0.05826835718140065
48,0.7127659574468086,0.05826835718140065
49,0.7127659574468086,0.05826835718140065
50,0.7127659574468086,0.05826835718140065
51,0.7127659574468086,0.05826835718140065
52,0.7127659574468086,0.05826835718140065
53,0.7127659574468086,0.05826835718140065
54,0.7127659574468086,0.05826835718140065
55,0.7127659574468086,0.05826835718140065
56,0.7127659574468086,0.05826835718140065
57,0.7127659574468086,0.05826835718140065
58,0.7127659574468086,0.05826835718140065
59,0.7127659574468086,0.05826835718140065
60,0.7127659574468086,0.05826835718140065
61,0.7127659574468086,0.05826835718140065
62,0.7127659574468086,0.05826835718140065
63,0.7127659574468086,0.05826835718140065
64,0.7127659574468086,0.05826835718140065
65,0.7127659574468086,0.05826835718140065
66,0.7127659574468086,0.05826835718140065
67,0.7127659574468086,0.05826835718140065
68,0.7127659574468086,0.05826835718140065
69,0.7287234042553192,0.08900638580149739
70,0.7287234042553192,0.08900638580149739
71,0.7287234042553192,0.08900638580149739
72,0.7287234042553192,0.08900638580149739
73,0.7287234042553192,0.08900638580149739
74,0.7287234042553192,0.08900638580149739
75,0.7287234042553192,0.08900638580149739
76,0.7287234042553192,0.08900638580149739
77,0.7287234042553192,0.08900638580149739
78,0.7287234042553192,0.08900638580149739
79,0.7287234042553192,0.08900638580149739
80,0.7287234042553192,0.08900638580149739
81,0.7287234042553192,0.08900638580149739
82,0.7287234042553192,0.08900638580149739
83,0.7287234042553192,0.08900638580149739
84,0.7287234042553192,0.08900638580149739
85,0.7287234042553192,0.08900638580149739
86,0.7287234042553192,0.08900638580149739
87,0.7287234042553192,0.08900638580149739
88,0.7287234042553192,0.08900638580149739
89,0.7287234042553192,0.08900638580149739
90,0.7287234042553192,0.08900638580149739
91,0.7287234042553192,0.08900638580149739
92,0.7287234042553192,0.08900638580149739
93,0.7287234042553192,0.08900638580149739
94,0.7287234042553192,0.08900638580149739
95,0.7287234042553192,0.08900638580149739
96,0.7287234042553192,0.08900638580149739
97,0.7287234042553192,0.08900638580149739
98,0.7287234042553192,0.08900638580149739
99,0.7287234042553192,0.08900638580149739
100,0.7287234042553192,0.08900638580149739
101,0.7446808510638298,0.10638297872340426
102,0.7606382978723404,0.08900638580149739
103,0.7606382978723404,0.08900638580149739
104,0.7606382978723404,0.08900638580149739
105,0.7606382978723404,0.08900638580149739
106,0.7606382978723404,0.08900638580149739
107,0.7606382978723404,0.08900638580149739
108,0.7606382978723404,0.08900638580149739
109,0.7606382978723404,0.08900638580149739
110,0.7606382978723404,0.08900638580149739
111,0.7606382978723404,0.08900638580149739
112,0.7606382978723404,0.08900638580149739
113,0.7606382978723404,0.08900638580149739
114,0.7606382978723404,0.08900638580149739
115,0.7606382978723404,0.08900638580149739
116,0.7606382978723404,0.08900638580149739
117,0.7606382978723404,0.08900638580149739
118,0.7606382978723404,0.08900638580149739
119,0.7606382978723404,0.08900638580149739
120,0.7606382978723404,0.08900638580149739
121,0.7606382978723404,0.08900638580149739
122,0.7526595744680851,0.11090606146931022
123,0.7526595744680851,0.11090606146931022
124,0.7526595744680851,0.11090606146931022
125,0.7526595744680851,0.11090606146931022
126,0.7526595744680851,0.11090606146931022
127,0.7526595744680851,0.11090606146931022
128,0.7526595744680851,0.11090606146931022
129,0.7526595744680851,0.11090606146931022
130,0.7526595744680851,0.11090606146931022
131,0.7526595744680851,0.11090606146931022
132,0.7526595744680851,0.11090606146931022
133,0.7526595744680851,0.11090606146931022
134,0.7526595744680851,0.11090606146931022
135,0.7526595744680851,0.11090606146931022
136,0.7526595744680851,0.11090606146931022
137,0.7526595744680851,0.11090606146931022
138,0.7526595744680851,0.11090606146931022
139,0.7526595744680851,0.11090606146931022
140,0.7526595744680851,0.11090606146931022
141,0.7526595744680851,0.11090606146931022
142,0.7526595744680851,0.11090606146931022
143,0.7526595744680851,0.11090606146931022
144,0.7526595744680851,0.11090606146931022
145,0.7526595744680851,0.11090606146931022
146,0.7526595744680851,0.11090606146931022
147,0.7526595744680851,0.11090606146931022
148,0.7526595744680851,0.11090606146931022
149,0.7526595744680851,0.11090606146931022
150,0.7526595744680851,0.11090606146931022
151,0.7526595744680851,0.11090606146931022
152,0.7526595744680851,0.11090606146931022
153,0.7526595744680851,0.11090606146931022
154,0.7526595744680851,0.11090606146931022
155,0.7526595744680851,0.11090606146931022
156,0.7526595744680851,0.11090606146931022
157,0.7526595744680851,0.11090606146931022
158,0.7526595744680851,0.11090606146931022
159,0.7526595744680851,0.11090606146931022
160,0.7526595744680851,0.11090606146931022
161,0.7526595744680851,0.11090606146931022
162,0.7526595744680851,0.11090606146931022
163,0.7526595744680851,0.11090606146931022
164,0.7526595744680851,0.11090606146931022
165,0.7526595744680851,0.11090606146931022
166,0.7526595744680851,0.11090606146931022
167,0.7526595744680851,0.11090606146931022
168,0.7526595744680851,0.11090606146931022
169,0.7526595744680851,0.11090606146931022
170,0.7526595744680851,0.11090606146931022
171,0.7526595744680851,0.11090606146931022
172,0.7526595744680851,0.11090606146931022
173,0.7526595744680851,0.11090606146931022
174,0.7526595744680851,0.11090606146931022
175,0.7526595744680851,0.11090606146931022
176,0.7526595744680851,0.11090606146931022
177,0.7526595744680851,0.11090606146931022
178,0.7526595744680851,0.11090606146931022
179,0.7526595744680851,0.11090606146931022
180,0.7526595744680851,0.11090606146931022
181,0.7526595744680851,0.11090606146931022
182,0.7526595744680851,0.11090606146931022
183,0.7526595744680851,0.11090606146931022
184,0.7526595744680851,0.11090606146931022
185,0.7526595744680851,0.11090606146931022
186,0.7526595744680851,0.11090606146931022
187,0.7526595744680851,0.11090606146931022
188,0.7526595744680851,0.11090606146931022
189,0.7526595744680851,0.11090606146931022
190,0.7526595744680851,0.11090606146931022
191,0.7526595744680851,0.11090606146931022
192,0.7526595744680851,0.11090606146931022
193,0.7526595744680851,0.11090606146931022
194,0.7526595744680851,0.11090606146931022
195,0.7526595744680851,0.11090606146931022
196,0.7526595744680851,0.11090606146931022
197,0.7446808510638298,0.09127718230093963
198,0.7446808510638298,0.09127718230093963
199,0.7446808510638298,0.09127718230093963
200,0.7446808510638298,0.09127718230093963
201,0.7446808510638298,0.09127718230093963
202,0.7446808510638298,0.09127718230093963
203,0.7446808510638298,0.09127718230093963
204,0.7446808510638298,0.09127718230093963
205,0.7446808510638298,0.09127718230093963
206,0.7446808510638298,0.09127718230093963
207,0.7446808510638298,0.09127718230093963
208,0.7446808510638298,0.09127718230093963
209,0.7446808510638298,0.09127718230093963
210,0.7446808510638298,0.09127718230093963
211,0.7446808510638298,0.09127718230093963
212,0.7446808510638298,0.09127718230093963
213,0.7446808510638298,0.09127718230093963
214,0.7367021276595744,0.10196962506745114
215,0.7367021276595744,0.10196962506745114
216,0.7367021276595744,0.10196962506745114
217,0.7367021276595744,0.10196962506745114
218,0.7367021276595744,0.10196962506745114
219,0.7367021276595744,0.10196962506745114
220,0.7367021276595744,0.10196962506745114
221,0.7367021276595744,0.10196962506745114
222,0.7367021276595744,0.10196962506745114
223,0.7367021276595744,0.10196962506745114
224,0.7367021276595744,0.10196962506745114
225,0.7367021276595744,0.10196962506745114
226,0.7367021276595744,0.10196962506745114
227,0.7367021276595744,0.10196962506745114
228,0.7367021276595744,0.10196962506745114
229,0.7367021276595744,0.10196962506745114
230,0.7526595744680851,0.1327076536875479
231,0.7526595744680851,0.1327076536875479
232,0.7526595744680851,0.1327076536875479
233,0.7526595744680851,0.1327076536875479
234,0.7526595744680851,0.1327076536875479
235,0.7526595744680851,0.1327076536875479
236,0.7526595744680851,0.1327076536875479
237,0.7526595744680851,0.1327076536875479
238,0.7526595744680851,0.1327076536875479
239,0.7526595744680851,0.1327076536875479
240,0.7526595744680851,0.1327076536875479
241,0.7526595744680851,0.1327076536875479
242,0.7526595744680851,0.1327076536875479
243,0.7526595744680851,0.1327076536875479
244,0.7526595744680851,0.1327076536875479
245,0.7526595744680851,0.1327076536875479
246,0.7526595744680851,0.1327076536875479
247,0.7526595744680851,0.1327076536875479
248,0.7526595744680851,0.1327076536875479
249,0.7526595744680851,0.1327076536875479
250,0.7526595744680851,0.1327076536875479
251,0.7526595744680851,0.1327076536875479
252,0.7526595744680851,0.1327076536875479
253,0.7526595744680851,0.1327076536875479
254,0.7526595744680851,0.1327076536875479
255,0.7526595744680851,0.1327076536875479
256,0.7446808510638298,0.16190661818090135
257,0.7446808510638298,0.16190661818090135
258,0.7446808510638298,0.16190661818090135
259,0.7446808510638298,0.16190661818090135
260,0.7446808510638298,0.16190661818090135
261,0.7446808510638298,0.16190661818090135
262,0.7446808510638298,0.16190661818090135
263,0.7446808510638298,0.16190661818090135
264,0.7446808510638298,0.16190661818090135
265,0.7446808510638298,0.16190661818090135
266,0.7446808510638298,0.16190661818090135
267,0.7446808510638298,0.16190661818090135
268,0.7446808510638298,0.16190661818090135
269,0.7446808510638298,0.16190661818090135
270,0.7446808510638298,0.16190661818090135
271,0.7446808510638298,0.16190661818090135
272,0.7446808510638298,0.16190661818090135
273,0.7446808510638298,0.16190661818090135
274,0.7446808510638298,0.16190661818090135
275,0.7446808510638298,0.16190661818090135
276,0.7446808510638298,0.16190661818090135
277,0.7446808510638298,0.16190661818090135
278,0.7446808510638298,0.16190661818090135
279,0.7446808510638298,0.16190661818090135
280,0.7446808510638298,0.16190661818090135
281,0.7446808510638298,0.16190661818090135
282,0.7446808510638298,0.16190661818090135
283,0.7446808510638298,0.16190661818090135
284,0.7446808510638298,0.16190661818090135
285,0.7446808510638298,0.16190661818090135
286,0.7446808510638298,0.16190661818090135
287,0.7446808510638298,0.16190661818090135
288,0.7446808510638298,0.16190661818090135
289,0.7446808510638298,0.16190661818090135
290,0.7446808510638298,0.16190661818090135
291,0.7446808510638298,0.16190661818090135
292,0.7446808510638298,0.16190661818090135
293,0.7446808510638298,0.16190661818090135
294,0.7446808510638298,0.16190661818090135
295,0.7446808510638298,0.16190661818090135
296,0.7606382978723404,0.15576117515262045
297,0.7606382978723404,0.15576117515262045
298,0.7526595744680851,0.11468645142500818
299,0.7526595744680851,0.11468645142500818
300,0.7526595744680851,0.11468645142500818
301,0.7526595744680851,0.11468645142500818
302,0.7526595744680851,0.11468645142500818
303,0.7526595744680851,0.11468645142500818
304,0.7526595744680851,0.11468645142500818
305,0.7526595744680851,0.11468645142500818
306,0.7526595744680851,0.11468645142500818
307,0.7526595744680851,0.11468645142500818
308,0.7526595744680851,0.11468645142500818
309,0.7526595744680851,0.11468645142500818
310,0.7526595744680851,0.11468645142500818
311,0.7526595744680851,0.11468645142500818
312,0.7526595744680851,0.11468645142500818
313,0.7526595744680851,0.11468645142500818
314,0.7526595744680851,0.11468645142500818
315,0.7526595744680851,0.11468645142500818
316,0.7526595744680851,0.11468645142500818
317,0.7526595744680851,0.11468645142500818
318,0.7526595744680851,0.11468645142500818
319,0.7526595744680851,0.11468645142500818
320,0.7526595744680851,0.11468645142500818
321,0.7526595744680851,0.11468645142500818
322,0.7526595744680851,0.11468645142500818
323,0.7526595744680851,0.11468645142500818
324,0.7526595744680851,0.11468645142500818
325,0.7526595744680851,0.11468645142500818
326,0.7526595744680851,0.11468645142500818
327,0.7526595744680851,0.11468645142500818
328,0.7526595744680851,0.11468645142500818
329,0.7526595744680851,0.11468645142500818
330,0.7526595744680851,0.11468645142500818
331,0.7526595744680851,0.11468645142500818
332,0.7526595744680851,0.11468645142500818
333,0.7526595744680851,0.11468645142500818
334,0.7526595744680851,0.11468645142500818
335,0.7526595744680851,0.11468645142500818
336,0.7526595744680851,0.11468645142500818
337,0.7526595744680851,0.11468645142500818
338,0.7526595744680851,0.11468645142500818
339,0.7526595744680851,0.11468645142500818
340,0.7526595744680851,0.11468645142500818
341,0.7526595744680851,0.11468645142500818
342,0.7526595744680851,0.11468645142500818
343,0.7526595744680851,0.11468645142500818
344,0.7526595744680851,0.11468645142500818
345,0.7526595744680851,0.11468645142500818
346,0.7526595744680851,0.11468645142500818
347,0.7526595744680851,0.11468645142500818
348,0.7526595744680851,0.11468645142500818
349,0.7526595744680851,0.11468645142500818
350,0.7526595744680851,0.11468645142500818
351,0.7526595744680851,0.11468645142500818
352,0.7526595744680851,0.11468645142500818
353,0.7526595744680851,0.11468645142500818
354,0.7526595744680851,0.11468645142500818
355,0.7526595744680851,0.11468645142500818
356,0.7526595744680851,0.11468645142500818
357,0.7526595744680851,0.11468645142500818
358,0.7446808510638299,0.0939502929925675
359,0.7446808510638299,0.0939502929925675
360,0.7446808510638299,0.0939502929925675
361,0.7446808510638299,0.0939502929925675
362,0.7446808510638299,0.0939502929925675
363,0.7446808510638299,0.0939502929925675
364,0.7446808510638299,0.0939502929925675
365,0.7446808510638299,0.0939502929925675
366,0.7446808510638299,0.0939502929925675
367,0.7446808510638299,0.0939502929925675
368,0.7446808510638299,0.0939502929925675
369,0.7446808510638299,0.0939502929925675
370,0.7446808510638299,0.0939502929925675
371,0.7446808510638299,0.0939502929925675
372,0.7446808510638299,0.0939502929925675
373,0.7446808510638299,0.0939502929925675
374,0.7446808510638299,0.0939502929925675
375,0.7446808510638299,0.0939502929925675
376,0.7446808510638299,0.0939502929925675
377,0.7446808510638299,0.0939502929925675
378,0.7446808510638299,0.0939502929925675
379,0.7446808510638299,0.0939502929925675
380,0.7446808510638299,0.0939502929925675
381,0.7446808510638299,0.0939502929925675
382,0.7446808510638299,0.0939502929925675
383,0.7446808510638299,0.0939502929925675
384,0.7446808510638299,0.0939502929925675
385,0.7446808510638299,0.0939502929925675
386,0.7446808510638299,0.0939502929925675
387,0.7446808510638299,0.0939502929925675
388,0.7446808510638299,0.0939502929925675
389,0.7446808510638299,0.0939502929925675
390,0.7446808510638299,0.0939502929925675
391,0.7446808510638299,0.0939502929925675
392,0.7446808510638299,0.0939502929925675
393,0.7446808510638299,0.0939502929925675
394,0.7446808510638299,0.0939502929925675
395,0.7446808510638299,0.0939502929925675
396,0.7446808510638299,0.0939502929925675
397,0.7446808510638299,0.0939502929925675
398,0.7446808510638299,0.0939502929925675
399,0.7446808510638299,0.0939502929925675
400,0.7446808510638299,0.0939502929925675
401,0.7446808510638299,0.0939502929925675
402,0.7446808510638299,0.0939502929925675
403,0.7446808510638299,0.0939502929925675
404,0.7446808510638299,0.0939502929925675
405,0.7446808510638299,0.0939502929925675
406,0.7446808510638299,0.0939502929925675
407,0.7446808510638299,0.0939502929925675
408,0.7446808510638299,0.0939502929925675
409,0.7446808510638299,0.0939502929925675
410,0.7446808510638299,0.0939502929925675
411,0.7446808510638299,0.0939502929925675
412,0.7446808510638299,0.0939502929925675
413,0.7446808510638299,0.0939502929925675
414,0.7446808510638299,0.0939502929925675
415,0.7446808510638299,0.0939502929925675
416,0.7446808510638299,0.0939502929925675
417,0.7446808510638299,0.0939502929925675
418,0.7446808510638299,0.0939502929925675
419,0.7446808510638299,0.0939502929925675
420,0.7446808510638299,0.0939502929925675
421,0.7446808510638299,0.0939502929925675
422,0.7446808510638299,0.0939502929925675
423,0.7446808510638299,0.0939502929925675
424,0.7446808510638299,0.0939502929925675
425,0.7446808510638299,0.0939502929925675
426,0.7446808510638299,0.0939502929925675
427,0.7446808510638299,0.0939502929925675
428,0.7446808510638299,0.0939502929925675
429,0.7446808510638299,0.0939502929925675
430,0.7446808510638299,0.0939502929925675
431,0.7446808510638299,0.0939502929925675
432,0.7446808510638299,0.0939502929925675
433,0.7446808510638299,0.0939502929925675
434,0.7446808510638299,0.0939502929925675
435,0.7446808510638299,0.0939502929925675
436,0.7446808510638299,0.0939502929925675
437,0.7446808510638299,0.0939502929925675
438,0.7446808510638299,0.0939502929925675
439,0.7446808510638299,0.0939502929925675
440,0.7446808510638299,0.0939502929925675
441,0.7446808510638299,0.0939502929925675
442,0.7446808510638299,0.0939502929925675
443,0.7446808510638299,0.0939502929925675
444,0.7446808510638299,0.0939502929925675
445,0.7446808510638299,0.0939502929925675
446,0.7446808510638299,0.0939502929925675
447,0.7446808510638299,0.0939502929925675
448,0.7446808510638299,0.0939502929925675
449,0.7446808510638299,0.0939502929925675
450,0.7446808510638299,0.0939502929925675
451,0.7606382978723405,0.0939502929925675
452,0.7606382978723405,0.0939502929925675
453,0.7606382978723405,0.0939502929925675
454,0.7606382978723405,0.0939502929925675
455,0.7765957446808511,0.12468832161266424
456,0.7765957446808511,0.12468832161266424
457,0.7765957446808511,0.12468832161266424
458,0.7765957446808511,0.12468832161266424
459,0.7765957446808511,0.12468832161266424
460,0.7765957446808511,0.12468832161266424
461,0.7765957446808511,0.12468832161266424
462,0.7765957446808511,0.12468832161266424
463,0.7765957446808511,0.12468832161266424
464,0.7765957446808511,0.12468832161266424
465,0.7765957446808511,0.12468832161266424
466,0.7765957446808511,0.12468832161266424
467,0.7765957446808511,0.12468832161266424
468,0.7765957446808511,0.12468832161266424
469,0.7765957446808511,0.12468832161266424
470,0.7765957446808511,0.12468832161266424
471,0.7765957446808511,0.12468832161266424
472,0.7765957446808511,0.12468832161266424
473,0.7765957446808511,0.12468832161266424
474,0.7765957446808511,0.12468832161266424
475,0.7765957446808511,0.12468832161266424
476,0.7925531914893617,0.11090606146931022
477,0.7925531914893617,0.11090606146931022
478,0.7925531914893617,0.11090606146931022
479,0.7925531914893617,0.11090606146931022
480,0.7925531914893617,0.11090606146931022
481,0.7925531914893617,0.11090606146931022
482,0.7925531914893617,0.11090606146931022
483,0.7925531914893617,0.11090606146931022
484,0.7925531914893617,0.11090606146931022
485,0.7925531914893617,0.11090606146931022
486,0.7925531914893617,0.11090606146931022
487,0.7925531914893617,0.11090606146931022
488,0.7925531914893617,0.11090606146931022
489,0.7925531914893617,0.11090606146931022
490,0.7925531914893617,0.11090606146931022
491,0.7925531914893617,0.11090606146931022
492,0.7925531914893617,0.11090606146931022
493,0.7925531914893617,0.11090606146931022
494,0.7925531914893617,0.11090606146931022
495,0.7925531914893617,0.11090606146931022
496,0.7925531914893617,0.11090606146931022
497,0.7925531914893617,0.11090606146931022
498,0.8085106382978723,0.12468832161266424
499,0.8085106382978723,0.12468832161266424
500,0.8085106382978723,0.12468832161266424
501,0.8085106382978723,0.12468832161266424
502,0.8085106382978723,0.12468832161266424
503,0.8085106382978723,0.12468832161266424
504,0.8085106382978723,0.12468832161266424
505,0.8085106382978723,0.12468832161266424
506,0.800531914893617,0.11892539354419383
507,0.800531914893617,0.11892539354419383
508,0.800531914893617,0.11892539354419383
509,0.800531914893617,0.11892539354419383
510,0.800531914893617,0.11892539354419383
511,0.800531914893617,0.11892539354419383
512,0.800531914893617,0.11892539354419383
513,0.800531914893617,0.11892539354419383
514,0.800531914893617,0.11892539354419383
515,0.800531914893617,0.11892539354419383
516,0.800531914893617,0.11892539354419383
517,0.800531914893617,0.11892539354419383
518,0.800531914893617,0.11892539354419383
519,0.800531914893617,0.11892539354419383
520,0.800531914893617,0.11892539354419383
521,0.800531914893617,0.11892539354419383
522,0.800531914893617,0.11892539354419383
523,0.800531914893617,0.11892539354419383
524,0.800531914893617,0.11892539354419383
525,0.800531914893617,0.11892539354419383
526,0.800531914893617,0.11892539354419383
527,0.800531914893617,0.11892539354419383
528,0.800531914893617,0.11892539354419383
529,0.800531914893617,0.11892539354419383
530,0.800531914893617,0.11892539354419383
531,0.800531914893617,0.11892539354419383
532,0.800531914893617,0.11892539354419383
533,0.800531914893617,0.11892539354419383
534,0.800531914893617,0.11892539354419383
535,0.800531914893617,0.11892539354419383
536,0.800531914893617,0.11892539354419383
537,0.800531914893617,0.11892539354419383
538,0.800531914893617,0.11892539354419383
539,0.800531914893617,0.11892539354419383
540,0.800531914893617,0.11892539354419383
541,0.800531914893617,0.11892539354419383
542,0.800531914893617,0.11892539354419383
543,0.800531914893617,0.11892539354419383
544,0.800531914893617,0.11892539354419383
545,0.800531914893617,0.11892539354419383
546,0.800531914893617,0.11892539354419383
547,0.800531914893617,0.11892539354419383
548,0.800531914893617,0.11892539354419383
549,0.800531914893617,0.11892539354419383
550,0.800531914893617,0.11892539354419383
551,0.800531914893617,0.11892539354419383
552,0.800531914893617,0.11892539354419383
553,0.800531914893617,0.11892539354419383
554,0.800531914893617,0.11892539354419383
555,0.800531914893617,0.11892539354419383
556,0.800531914893617,0.11892539354419383
557,0.800531914893617,0.11892539354419383
558,0.800531914893617,0.11892539354419383
559,0.800531914893617,0.11892539354419383
560,0.800531914893617,0.11892539354419383
561,0.800531914893617,0.11892539354419383
562,0.800531914893617,0.11892539354419383
563,0.800531914893617,0.11892539354419383
564,0.800531914893617,0.11892539354419383
565,0.800531914893617,0.11892539354419383
566,0.800531914893617,0.11892539354419383
567,0.800531914893617,0.11892539354419383
568,0.800531914893617,0.11892539354419383
569,0.800531914893617,0.11892539354419383
570,0.800531914893617,0.11892539354419383
571,0.800531914893617,0.11892539354419383
572,0.800531914893617,0.11892539354419383
573,0.800531914893617,0.11892539354419383
574,0.800531914893617,0.11892539354419383
575,0.800531914893617,0.11892539354419383
576,0.800531914893617,0.11892539354419383
577,0.800531914893617,0.11892539354419383
578,0.800531914893617,0.11892539354419383
579,0.800531914893617,0.11892539354419383
580,0.8164893617021276,0.1327076536875479
581,0.8164893617021276,0.1327076536875479
582,0.8164893617021276,0.1327076536875479
583,0.8324468085106383,0.10196962506745114
584,0.8324468085106383,0.10196962506745114
585,0.8324468085106383,0.10196962506745114
586,0.8324468085106383,0.10196962506745114
587,0.8324468085106383,0.10196962506745114
588,0.8324468085106383,0.10196962506745114
589,0.8324468085106383,0.10196962506745114
590,0.8324468085106383,0.10196962506745114
591,0.8324468085106383,0.10196962506745114
592,0.8324468085106383,0.10196962506745114
593,0.8324468085106383,0.10196962506745114
594,0.8324468085106383,0.10196962506745114
595,0.8324468085106383,0.10196962506745114
596,0.8324468085106383,0.10196962506745114
597,0.8324468085106383,0.10196962506745114
598,0.8324468085106383,0.10196962506745114
599,0.8324468085106383,0.10196962506745114
600,0.8324468085106383,0.10196962506745114
601,0.8324468085106383,0.10196962506745114
602,0.8324468085106383,0.10196962506745114
603,0.8324468085106383,0.10196962506745114
604,0.8324468085106383,0.10196962506745114
605,0.8324468085106383,0.10196962506745114
606,0.8324468085106383,0.10196962506745114
607,0.8324468085106383,0.10196962506745114
608,0.8324468085106383,0.10196962506745114
609,0.8324468085106383,0.10196962506745114
610,0.8324468085106383,0.10196962506745114
611,0.8324468085106383,0.10196962506745114
612,0.8324468085106383,0.10196962506745114
613,0.8324468085106383,0.10196962506745114
614,0.8324468085106383,0.10196962506745114
615,0.8324468085106383,0.10196962506745114
616,0.8324468085106383,0.10196962506745114
617,0.8324468085106383,0.10196962506745114
618,0.8324468085106383,0.10196962506745114
619,0.8324468085106383,0.10196962506745114
620,0.8324468085106383,0.10196962506745114
621,0.8324468085106383,0.10196962506745114
622,0.8324468085106383,0.10196962506745114
623,0.8324468085106383,0.10196962506745114
624,0.8324468085106383,0.10196962506745114
625,0.8324468085106383,0.10196962506745114
626,0.848404255319149,0.10196962506745114
627,0.848404255319149,0.10196962506745114
628,0.848404255319149,0.10196962506745114
629,0.848404255319149,0.10196962506745114
630,0.848404255319149,0.10196962506745114
631,0.848404255319149,0.10196962506745114
632,0.848404255319149,0.10196962506745114
633,0.848404255319149,0.10196962506745114
634,0.848404255319149,0.10196962506745114
635,0.848404255319149,0.10196962506745114
636,0.848404255319149,0.10196962506745114
637,0.848404255319149,0.10196962506745114
638,0.848404255319149,0.10196962506745114
639,0.848404255319149,0.10196962506745114
640,0.848404255319149,0.10196962506745114
641,0.848404255319149,0.10196962506745114
642,0.848404255319149,0.10196962506745114
643,0.848404255319149,0.10196962506745114
644,0.848404255319149,0.10196962506745114
645,0.848404255319149,0.10196962506745114
646,0.848404255319149,0.10196962506745114
647,0.848404255319149,0.10196962506745114
648,0.848404255319149,0.10196962506745114
649,0.848404255319149,0.10196962506745114
650,0.848404255319149,0.10196962506745114
651,0.848404255319149,0.10196962506745114
652,0.848404255319149,0.10196962506745114
653,0.848404255319149,0.10196962506745114
654,0.848404255319149,0.10196962506745114
655,0.848404255319149,0.10196962506745114
656,0.848404255319149,0.10196962506745114
657,0.848404255319149,0.10196962506745114
658,0.848404255319149,0.10196962506745114
659,0.848404255319149,0.10196962506745114
660,0.848404255319149,0.10196962506745114
661,0.848404255319149,0.10196962506745114
662,0.848404255319149,0.10196962506745114
663,0.848404255319149,0.10196962506745114
664,0.848404255319149,0.10196962506745114
665,0.848404255319149,0.10196962506745114
666,0.8643617021276596,0.09127718230093962
667,0.8643617021276596,0.09127718230093962
668,0.8643617021276596,0.09127718230093962
669,0.8643617021276596,0.09127718230093962
670,0.8643617021276596,0.09127718230093962
671,0.8643617021276596,0.09127718230093962
672,0.8643617021276596,0.09127718230093962
673,0.8643617021276596,0.09127718230093962
674,0.8643617021276596,0.09127718230093962
675,0.8643617021276596,0.09127718230093962
676,0.8643617021276596,0.09127718230093962
677,0.8643617021276596,0.09127718230093962
678,0.8643617021276596,0.09127718230093962
679,0.8643617021276596,0.09127718230093962
680,0.8643617021276596,0.09127718230093962
681,0.8643617021276596,0.09127718230093962
682,0.8643617021276596,0.09127718230093962
683,0.8643617021276596,0.09127718230093962
684,0.8643617021276596,0.09127718230093962
685,0.8643617021276596,0.09127718230093962
686,0.8643617021276596,0.09127718230093962
687,0.8643617021276596,0.09127718230093962
688,0.8643617021276596,0.09127718230093962
689,0.8643617021276596,0.09127718230093962
690,0.8643617021276596,0.09127718230093962
691,0.8643617021276596,0.09127718230093962
692,0.8563829787234043,0.10196962506745114
693,0.8563829787234043,0.10196962506745114
694,0.8563829787234043,0.10196962506745114
695,0.8563829787234043,0.10196962506745114
696,0.8563829787234043,0.10196962506745114
697,0.8563829787234043,0.10196962506745114
698,0.8563829787234043,0.10196962506745114
699,0.8563829787234043,0.10196962506745114
700,0.8563829787234043,0.10196962506745114
701,0.8563829787234043,0.10196962506745114
702,0.8563829787234043,0.10196962506745114
703,0.8563829787234043,0.10196962506745114
704,0.8563829787234043,0.10196962506745114
705,0.8563829787234043,0.10196962506745114
706,0.8563829787234043,0.10196962506745114
707,0.8563829787234043,0.10196962506745114
708,0.8563829787234043,0.10196962506745114
709,0.8563829787234043,0.10196962506745114
710,0.8563829787234043,0.10196962506745114
711,0.8563829787234043,0.10196962506745114
712,0.8563829787234043,0.10196962506745114
713,0.8563829787234043,0.10196962506745114
714,0.8563829787234043,0.10196962506745114
715,0.8563829787234043,0.10196962506745114
716,0.8563829787234043,0.10196962506745114
717,0.8563829787234043,0.10196962506745114
718,0.8563829787234043,0.10196962506745114
719,0.8563829787234043,0.10196962506745114
720,0.8563829787234043,0.10196962506745114
721,0.8563829787234043,0.10196962506745114
722,0.8563829787234043,0.10196962506745114
723,0.8563829787234043,0.10196962506745114
724,0.8563829787234043,0.10196962506745114
725,0.8563829787234043,0.10196962506745114
726,0.8563829787234043,0.10196962506745114
727,0.8563829787234043,0.10196962506745114
728,0.8563829787234043,0.10196962506745114
729,0.8563829787234043,0.10196962506745114
730,0.8563829787234043,0.10196962506745114
731,0.8563829787234043,0.10196962506745114
732,0.8563829787234043,0.10196962506745114
733,0.8563829787234043,0.10196962506745114
734,0.8563829787234043,0.10196962506745114
735,0.8563829787234043,0.10196962506745114
736,0.8563829787234043,0.10196962506745114
737,0.8563829787234043,0.10196962506745114
738,0.8563829787234043,0.10196962506745114
739,0.8563829787234043,0.10196962506745114
740,0.8563829787234043,0.10196962506745114
741,0.8563829787234043,0.10196962506745114
742,0.8563829787234043,0.10196962506745114
743,0.848404255319149,0.13083376464094515
744,0.8643617021276596,0.15697719380043684
745,0.8643617021276596,0.15697719380043684
746,0.8643617021276596,0.15697719380043684
747,0.8643617021276596,0.15697719380043684
748,0.8643617021276596,0.15697719380043684
749,0.8643617021276596,0.15697719380043684
750,0.8643617021276596,0.15697719380043684
751,0.8643617021276596,0.15697719380043684
752,0.8643617021276596,0.15697719380043684
753,0.8643617021276596,0.15697719380043684
754,0.8643617021276596,0.15697719380043684
755,0.8643617021276596,0.15697719380043684
756,0.8643617021276596,0.15697719380043684
757,0.8643617021276596,0.15697719380043684
758,0.8643617021276596,0.15697719380043684
759,0.8643617021276596,0.15697719380043684
760,0.8643617021276596,0.15697719380043684
761,0.8643617021276596,0.15697719380043684
762,0.8643617021276596,0.15697719380043684
763,0.8643617021276596,0.15697719380043684
764,0.8643617021276596,0.15697719380043684
765,0.8643617021276596,0.15697719380043684
766,0.8643617021276596,0.15697719380043684
767,0.8643617021276596,0.15697719380043684
768,0.8643617021276596,0.15697719380043684
769,0.8643617021276596,0.15697719380043684
770,0.8643617021276596,0.15697719380043684
771,0.8643617021276596,0.15697719380043684
772,0.8643617021276596,0.15697719380043684
773,0.8643617021276596,0.15697719380043684
774,0.8643617021276596,0.15697719380043684
775,0.8643617021276596,0.15697719380043684
776,0.8643617021276596,0.15697719380043684
777,0.8643617021276596,0.15697719380043684
778,0.8643617021276596,0.15697719380043684
779,0.8643617021276596,0.15697719380043684
780,0.8643617021276596,0.15697719380043684
781,0.8643617021276596,0.15697719380043684
782,0.8643617021276596,0.15697719380043684
783,0.8643617021276596,0.15697719380043684
784,0.8643617021276596,0.15697719380043684
785,0.8643617021276596,0.15697719380043684
786,0.8643617021276596,0.15697719380043684
787,0.8643617021276596,0.15697719380043684
788,0.8643617021276596,0.15697719380043684
789,0.8643617021276596,0.15697719380043684
790,0.8643617021276596,0.15697719380043684
791,0.8643617021276596,0.15697719380043684
792,0.8643617021276596,0.15697719380043684
793,0.8643617021276596,0.15697719380043684
794,0.8643617021276596,0.15697719380043684
795,0.8643617021276596,0.15697719380043684
796,0.8643617021276596,0.15697719380043684
797,0.8643617021276596,0.15697719380043684
798,0.8643617021276596,0.15697719380043684
799,0.8563829787234043,0.15156992307338582
800,0.8563829787234043,0.15156992307338582
801,0.8563829787234043,0.15156992307338582
802,0.8563829787234043,0.15156992307338582
803,0.8563829787234043,0.15156992307338582
804,0.8563829787234043,0.15156992307338582
805,0.8563829787234043,0.15156992307338582
806,0.8563829787234043,0.15156992307338582
807,0.8563829787234043,0.15156992307338582
808,0.8563829787234043,0.15156992307338582
809,0.8563829787234043,0.15156992307338582
810,0.8563829787234043,0.15156992307338582
811,0.8563829787234043,0.15156992307338582
812,0.8563829787234043,0.15156992307338582
813,0.8563829787234043,0.15156992307338582
814,0.8563829787234043,0.15156992307338582
815,0.8563829787234043,0.15156992307338582
816,0.8563829787234043,0.15156992307338582
817,0.8563829787234043,0.15156992307338582
818,0.8563829787234043,0.15156992307338582
819,0.8563829787234043,0.15156992307338582
820,0.8563829787234043,0.15156992307338582
821,0.8563829787234043,0.15156992307338582
822,0.8563829787234043,0.15156992307338582
823,0.8563829787234043,0.15156992307338582
824,0.8563829787234043,0.15156992307338582
825,0.8563829787234043,0.15156992307338582
826,0.8563829787234043,0.15156992307338582
827,0.8563829787234043,0.15156992307338582
828,0.8563829787234043,0.15156992307338582
829,0.8563829787234043,0.15156992307338582
830,0.8563829787234043,0.15156992307338582
831,0.8563829787234043,0.15156992307338582
832,0.8563829787234043,0.15156992307338582
833,0.8563829787234043,0.15156992307338582
834,0.8563829787234043,0.15156992307338582
835,0.8563829787234043,0.15156992307338582
836,0.8563829787234043,0.15156992307338582
837,0.8563829787234043,0.15156992307338582
838,0.8563829787234043,0.15156992307338582
839,0.8563829787234043,0.15156992307338582
840,0.8563829787234043,0.15156992307338582
841,0.8563829787234043,0.15156992307338582
842,0.8563829787234043,0.15156992307338582
843,0.8563829787234043,0.15156992307338582
844,0.8563829787234043,0.15156992307338582
845,0.8563829787234043,0.15156992307338582
846,0.8563829787234043,0.15156992307338582
847,0.8563829787234043,0.15156992307338582
848,0.8563829787234043,0.15156992307338582
849,0.8723404255319149,0.17771335223287751
850,0.8723404255319149,0.17771335223287751
851,0.8723404255319149,0.17771335223287751
852,0.8723404255319149,0.17771335223287751
853,0.8723404255319149,0.17771335223287751
854,0.8723404255319149,0.17771335223287751
855,0.8643617021276595,0.18805004734039302
856,0.8643617021276595,0.18805004734039302
857,0.8643617021276595,0.18805004734039302
858,0.8643617021276595,0.18805004734039302
859,0.8643617021276595,0.18805004734039302
860,0.8643617021276595,0.18805004734039302
861,0.8643617021276595,0.18805004734039302
862,0.8643617021276595,0.18805004734039302
863,0.8643617021276595,0.18805004734039302
864,0.8643617021276595,0.18805004734039302
865,0.8643617021276595,0.18805004734039302
866,0.8643617021276595,0.18805004734039302
867,0.8643617021276595,0.18805004734039302
868,0.8643617021276595,0.18805004734039302
869,0.8643617021276595,0.18805004734039302
870,0.8643617021276595,0.18805004734039302
871,0.8643617021276595,0.18805004734039302
872,0.8643617021276595,0.18805004734039302
873,0.8643617021276595,0.18805004734039302
874,0.8643617021276595,0.18805004734039302
875,0.8643617021276595,0.18805004734039302
876,0.8643617021276595,0.18805004734039302
877,0.8643617021276595,0.18805004734039302
878,0.8643617021276595,0.18805004734039302
879,0.8643617021276595,0.18805004734039302
880,0.8643617021276595,0.18805004734039302
881,0.8643617021276595,0.18805004734039302
882,0.8643617021276595,0.18805004734039302
883,0.8643617021276595,0.18805004734039302
884,0.8643617021276595,0.18805004734039302
885,0.8643617021276595,0.18805004734039302
886,0.8643617021276595,0.18805004734039302
887,0.8643617021276595,0.18805004734039302
888,0.8643617021276595,0.18805004734039302
889,0.8643617021276595,0.18805004734039302
890,0.8643617021276595,0.18805004734039302
891,0.8643617021276595,0.18805004734039302
892,0.8643617021276595,0.18805004734039302
893,0.8643617021276595,0.18805004734039302
894,0.8643617021276595,0.18805004734039302
895,0.8643617021276595,0.18805004734039302
896,0.8643617021276595,0.18805004734039302
897,0.8643617021276595,0.18805004734039302
898,0.8643617021276595,0.18805004734039302
899,0.8643617021276595,0.18805004734039302
900,0.8643617021276595,0.18805004734039302
901,0.8643617021276595,0.18805004734039302
902,0.8643617021276595,0.18805004734039302
903,0.8643617021276595,0.18805004734039302
904,0.8643617021276595,0.18805004734039302
905,0.8643617021276595,0.18805004734039302
906,0.8643617021276595,0.18805004734039302
907,0.8643617021276595,0.18805004734039302
908,0.8643617021276595,0.18805004734039302
909,0.8643617021276595,0.18805004734039302
910,0.8643617021276595,0.18805004734039302
911,0.8643617021276595,0.18805004734039302
912,0.8643617021276595,0.18805004734039302
913,0.8643617021276595,0.18805004734039302
914,0.8643617021276595,0.18805004734039302
915,0.8643617021276595,0.18805004734039302
916,0.8643617021276595,0.18805004734039302
917,0.8643617021276595,0.18805004734039302
918,0.8643617021276595,0.18805004734039302
919,0.8643617021276595,0.18805004734039302
920,0.8643617021276595,0.18805004734039302
921,0.8643617021276595,0.18805004734039302
922,0.8643617021276595,0.18805004734039302
923,0.8643617021276595,0.18805004734039302
924,0.8643617021276595,0.18805004734039302
925,0.8643617021276595,0.18805004734039302
926,0.8643617021276595,0.18805004734039302
927,0.8643617021276595,0.18805004734039302
928,0.8643617021276595,0.18805004734039302
929,0.8643617021276595,0.18805004734039302
930,0.8643617021276595,0.18805004734039302
931,0.8643617021276595,0.18805004734039302
932,0.8643617021276595,0.18805004734039302
933,0.8643617021276595,0.18805004734039302
934,0.8643617021276595,0.18805004734039302
935,0.8643617021276595,0.18805004734039302
936,0.8643617021276595,0.18805004734039302
937,0.8643617021276595,0.18805004734039302
938,0.8643617021276595,0.18805004734039302
939,0.8643617021276595,0.18805004734039302
940,0.8643617021276595,0.18805004734039302
941,0.8643617021276595,0.18805004734039302
942,0.8643617021276595,0.18805004734039302
943,0.8643617021276595,0.18805004734039302
944,0.8643617021276595,0.18805004734039302
945,0.8643617021276595,0.18805004734039302
946,0.8643617021276595,0.18805004734039302
947,0.8643617021276595,0.18805004734039302
948,0.8643617021276595,0.18805004734039302
949,0.8643617021276595,0.18805004734039302
950,0.8643617021276595,0.18805004734039302
951,0.8643617021276595,0.18805004734039302
952,0.8643617021276595,0.18805004734039302
953,0.8643617021276595,0.18805004734039302
954,0.8643617021276595,0.18805004734039302
955,0.8643617021276595,0.18805004734039302
956,0.8643617021276595,0.18805004734039302
957,0.8643617021276595,0.18805004734039302
958,0.8643617021276595,0.18805004734039302
959,0.8643617021276595,0.18805004734039302
960,0.8643617021276595,0.18805004734039302
961,0.8643617021276595,0.18805004734039302
962,0.8643617021276595,0.18805004734039302
963,0.8643617021276595,0.18805004734039302
964,0.8643617021276595,0.18805004734039302
965,0.8643617021276595,0.18805004734039302
966,0.8643617021276595,0.18805004734039302
967,0.8643617021276595,0.18805004734039302
968,0.8643617021276595,0.18805004734039302
969,0.8643617021276595,0.18805004734039302
970,0.8643617021276595,0.18805004734039302
971,0.8643617021276595,0.18805004734039302
972,0.8643617021276595,0.18805004734039302
973,0.8803191489361702,0.16190661818090132
974,0.8803191489361702,0.16190661818090132
975,0.8803191489361702,0.16190661818090132
976,0.8803191489361702,0.16190661818090132
977,0.8803191489361702,0.16190661818090132
978,0.8803191489361702,0.16190661818090132
979,0.8803191489361702,0.16190661818090132
980,0.8803191489361702,0.16190661818090132
981,0.8803191489361702,0.16190661818090132
982,0.8803191489361702,0.16190661818090132
983,0.8803191489361702,0.16190661818090132
984,0.8962765957446809,0.2054612235043709
985,0.8962765957446809,0.2054612235043709
986,0.8962765957446809,0.2054612235043709
987,0.8962765957446809,0.2054612235043709
988,0.8962765957446809,0.2054612235043709
989,0.8962765957446809,0.2054612235043709
990,0.8962765957446809,0.2054612235043709
991,0.8962765957446809,0.2054612235043709
992,0.8962765957446809,0.2054612235043709
993,0.8962765957446809,0.2054612235043709
994,0.8962765957446809,0.2054612235043709
995,0.8962765957446809,0.2054612235043709
996,0.8962765957446809,0.2054612235043709
997,0.8962765957446809,0.2054612235043709
998,0.8962765957446809,0.2054612235043709
999,0.8962765957446809,0.2054612235043709
1000,0.9122340425531914,0.21720304066740978
1001,0.9122340425531914,0.21720304066740978
1002,0.9122340425531914,0.21720304066740978
1003,0.9122340425531914,0.21720304066740978
1004,0.9122340425531914,0.21720304066740978
1005,0.9122340425531914,0.21720304066740978
1006,0.9122340425531914,0.21720304066740978
1007,0.9122340425531914,0.21720304066740978
1008,0.9122340425531914,0.21720304066740978
1009,0.9122340425531914,0.21720304066740978
1010,0.9122340425531914,0.21720304066740978
1011,0.9122340425531914,0.21720304066740978
1012,0.9122340425531914,0.21720304066740978
1013,0.9122340425531914,0.21720304066740978
1014,0.9122340425531914,0.21720304066740978
1015,0.9122340425531914,0.21720304066740978
1016,0.9122340425531914,0.21720304066740978
1017,0.9122340425531914,0.21720304066740978
1018,0.9122340425531914,0.21720304066740978
1019,0.9122340425531914,0.21720304066740978
1020,0.9122340425531914,0.21720304066740978
1021,0.9122340425531914,0.21720304066740978
1022,0.9122340425531914,0.21720304066740978
1023,0.9122340425531914,0.21720304066740978
1024,0.9122340425531914,0.21720304066740978
1025,0.9122340425531914,0.21720304066740978
1026,0.9122340425531914,0.21720304066740978
1027,0.9122340425531914,0.21720304066740978
1028,0.9122340425531914,0.21720304066740978
1029,0.9122340425531914,0.21720304066740978
1030,0.9122340425531914,0.21720304066740978
1031,0.9122340425531914,0.21720304066740978
1032,0.9122340425531914,0.21720304066740978
1033,0.9122340425531914,0.21720304066740978
1034,0.9122340425531914,0.21720304066740978
1035,0.9122340425531914,0.21720304066740978
1036,0.9122340425531914,0.21720304066740978
1037,0.9122340425531914,0.21720304066740978
1038,0.9122340425531914,0.21720304066740978
1039,0.9122340425531914,0.21720304066740978
1040,0.9122340425531914,0.21720304066740978
1041,0.9122340425531914,0.21720304066740978
1042,0.9122340425531914,0.21720304066740978
1043,0.9122340425531914,0.21720304066740978
1044,0.928191489361702,0.2054612235043709
1045,0.928191489361702,0.2054612235043709
1046,0.928191489361702,0.2054612235043709
1047,0.928191489361702,0.2054612235043709
1048,0.928191489361702,0.2054612235043709
1049,0.928191489361702,0.2054612235043709
1050,0.928191489361702,0.2054612235043709
1051,0.928191489361702,0.2054612235043709
1052,0.928191489361702,0.2054612235043709
1053,0.928191489361702,0.2054612235043709
1054,0.928191489361702,0.2054612235043709
1055,0.928191489361702,0.2054612235043709
1056,0.928191489361702,0.2054612235043709
1057,0.928191489361702,0.2054612235043709
1058,0.9441489361702127,0.18805004734039305
1059,0.9441489361702127,0.18805004734039305
1060,0.9441489361702127,0.18805004734039305
1061,0.9441489361702127,0.18805004734039305
1062,0.9441489361702127,0.18805004734039305
1063,0.9441489361702127,0.18805004734039305
1064,0.9441489361702127,0.18805004734039305
1065,0.9441489361702127,0.18805004734039305
1066,0.9441489361702127,0.18805004734039305
1067,0.9441489361702127,0.18805004734039305
1068,0.9441489361702127,0.18805004734039305
1069,0.9441489361702127,0.18805004734039305
1070,0.9441489361702127,0.18805004734039305
1071,0.9441489361702127,0.18805004734039305
1072,0.9441489361702127,0.18805004734039305
1073,0.9441489361702127,0.18805004734039305
1074,0.9441489361702127,0.18805004734039305
1075,0.9441489361702127,0.18805004734039305
1076,0.9441489361702127,0.18805004734039305
1077,0.9441489361702127,0.18805004734039305
1078,0.9441489361702127,0.18805004734039305
1079,0.9441489361702127,0.18805004734039305
1080,0.9441489361702127,0.18805004734039305
1081,0.9441489361702127,0.18805004734039305
1082,0.9441489361702127,0.18805004734039305
1083,0.9441489361702127,0.18805004734039305
1084,0.9441489361702127,0.18805004734039305
1085,0.9441489361702127,0.18805004734039305
1086,0.9441489361702127,0.18805004734039305
1087,0.9441489361702127,0.18805004734039305
1088,0.9441489361702127,0.18805004734039305
1089,0.9441489361702127,0.18805004734039305
1090,0.9441489361702127,0.18805004734039305
1091,0.9441489361702127,0.18805004734039305
1092,0.9441489361702127,0.18805004734039305
1093,0.9441489361702127,0.18805004734039305
1094,0.9441489361702127,0.18805004734039305
1095,0.9441489361702127,0.18805004734039305
1096,0.9441489361702127,0.18805004734039305
1097,0.9441489361702127,0.18805004734039305
1098,0.9441489361702127,0.18805004734039305
1099,0.9441489361702127,0.18805004734039305
1100,0.9441489361702127,0.18805004734039305
1101,0.9441489361702127,0.18805004734039305
1102,0.9441489361702127,0.18805004734039305
1103,0.9601063829787234,0.18805004734039302
1104,0.9601063829787234,0.18805004734039302
1105,0.9601063829787234,0.18805004734039302
1106,0.9601063829787234,0.18805004734039302
1107,0.9601063829787234,0.18805004734039302
1108,0.9601063829787234,0.18805004734039302
1109,0.9601063829787234,0.18805004734039302
1110,0.9601063829787234,0.18805004734039302
1111,0.9601063829787234,0.18805004734039302
1112,0.9601063829787234,0.18805004734039302
1113,0.9601063829787234,0.18805004734039302
1114,0.9601063829787234,0.18805004734039302
1115,0.9601063829787234,0.18805004734039302
1116,0.9601063829787234,0.18805004734039302
1117,0.9601063829787234,0.18805004734039302
1118,0.9601063829787234,0.18805004734039302
1119,0.9601063829787234,0.18805004734039302
1120,0.9601063829787234,0.18805004734039302
1121,0.9601063829787234,0.18805004734039302
1122,0.9601063829787234,0.18805004734039302
1123,0.9601063829787234,0.18805004734039302
1124,0.9601063829787234,0.18805004734039302
1125,0.9601063829787234,0.18805004734039302
1126,0.9601063829787234,0.18805004734039302
1127,0.9601063829787234,0.18805004734039302
1128,0.9601063829787234,0.18805004734039302
1129,0.9601063829787234,0.18805004734039302
1130,0.9601063829787234,0.18805004734039302
1131,0.9601063829787234,0.18805004734039302
1132,0.976063829787234,0.15576117515262047
1133,0.976063829787234,0.15576117515262047
1134,0.976063829787234,0.15576117515262047
1135,0.976063829787234,0.15576117515262047
1136,0.976063829787234,0.15576117515262047
1137,0.976063829787234,0.15576117515262047
1138,0.976063829787234,0.15576117515262047
1139,0.976063829787234,0.15576117515262047
1140,0.976063829787234,0.15576117515262047
1141,0.976063829787234,0.15576117515262047
1142,0.976063829787234,0.15576117515262047
1143,0.976063829787234,0.15576117515262047
1144,0.976063829787234,0.15576117515262047
1145,0.976063829787234,0.15576117515262047
1146,0.976063829787234,0.15576117515262047
1147,0.976063829787234,0.15576117515262047
1148,0.976063829787234,0.15576117515262047
1149,0.976063829787234,0.15576117515262047
1150,0.976063829787234,0.15576117515262047
1151,0.976063829787234,0.15576117515262047
1152,0.9920212765957447,0.1419789150092664
1153,0.9920212765957447,0.1419789150092664
1154,0.9920212765957447,0.1419789150092664
1155,0.9920212765957447,0.1419789150092664
1156,0.9920212765957447,0.1419789150092664
1157,0.9920212765957447,0.1419789150092664
1158,0.9920212765957447,0.1419789150092664
1159,0.9920212765957447,0.1419789150092664
1160,0.9920212765957447,0.1419789150092664
1161,0.9920212765957447,0.1419789150092664
1162,0.9920212765957447,0.1419789150092664
1163,0.9920212765957447,0.1419789150092664
1164,0.9920212765957447,0.1419789150092664
1165,0.9920212765957447,0.1419789150092664
1166,0.9920212765957447,0.1419789150092664
1167,0.9920212765957447,0.1419789150092664
1168,0.9920212765957447,0.1419789150092664
1169,0.9920212765957447,0.1419789150092664
1170,0.9920212765957447,0.1419789150092664
1171,0.9920212765957447,0.1419789150092664
1172,0.9920212765957447,0.1419789150092664
1173,0.9920212765957447,0.1419789150092664
1174,0.9920212765957447,0.1419789150092664
1175,0.9920212765957447,0.1419789150092664
1176,0.9920212765957447,0.1419789150092664
1177,0.9920212765957447,0.1419789150092664
1178,0.9920212765957447,0.1419789150092664
1179,0.9920212765957447,0.1419789150092664
1180,0.9920212765957447,0.1419789150092664
1181,0.9920212765957447,0.1419789150092664
1182,0.9920212765957447,0.1419789150092664
1183,0.9920212765957447,0.1419789150092664
1184,0.9920212765957447,0.1419789150092664
1185,0.9920212765957447,0.1419789150092664
1186,0.9920212765957447,0.1419789150092664
1187,0.9920212765957447,0.1419789150092664
1188,0.9920212765957447,0.1419789150092664
1189,0.9920212765957447,0.1419789150092664
1190,0.9920212765957447,0.1419789150092664
1191,0.9920212765957447,0.1419789150092664
1192,0.9920212765957447,0.1419789150092664
1193,0.9920212765957447,0.1419789150092664
1194,0.9920212765957447,0.1419789150092664
1195,0.9920212765957447,0.1419789150092664
1196,0.9920212765957447,0.1419789150092664
1197,0.9920212765957447,0.1419789150092664
1198,0.9920212765957447,0.1419789150092664
1199,0.9920212765957447,0.1419789150092664
1200,0.9920212765957447,0.1419789150092664
1201,0.9920212765957447,0.1419789150092664
1202,0.9920212765957447,0.1419789150092664
1203,0.9920212765957447,0.1419789150092664
1204,0.9920212765957447,0.1419789150092664
1205,0.9920212765957447,0.1419789150092664
1206,0.9920212765957447,0.1419789150092664
1207,0.9920212765957447,0.1419789150092664
1208,0.9920212765957447,0.1419789150092664
1209,0.9920212765957447,0.1419789150092664
1210,0.9920212765957447,0.1419789150092664
1211,0.9920212765957447,0.1419789150092664
1212,0.9920212765957447,0.1419789150092664
1213,0.9920212765957447,0.1419789150092664
1214,0.9920212765957447,0.1419789150092664
1215,0.9920212765957447,0.1419789150092664
1216,0.9920212765957447,0.1419789150092664
1217,0.9920212765957447,0.1419789150092664
1218,0.9920212765957447,0.1419789150092664
1219,0.9920212765957447,0.1419789150092664
1220,0.9920212765957447,0.1419789150092664
1221,0.9920212765957447,0.1419789150092664
1222,0.9920212765957447,0.1419789150092664
1223,0.9920212765957447,0.1419789150092664
1224,0.9920212765957447,0.1419789150092664
1225,0.9920212765957447,0.1419789150092664
1226,0.9920212765957447,0.1419789150092664
1227,0.9920212765957447,0.1419789150092664
1228,0.9920212765957447,0.1419789150092664
1229,0.9920212765957447,0.1419789150092664
1230,0.9920212765957447,0.1419789150092664
1231,0.9920212765957447,0.1419789150092664
1232,0.9920212765957447,0.1419789150092664
1233,0.9920212765957447,0.1419789150092664
1234,0.9920212765957447,0.1419789150092664
1235,0.9920212765957447,0.1419789150092664
1236,0.9920212765957447,0.1419789150092664
1237,0.9920212765957447,0.1419789150092664
1238,0.9920212765957447,0.1419789150092664
1239,0.9920212765957447,0.1419789150092664
1240,0.9920212765957447,0.1419789150092664
1241,0.9920212765957447,0.1419789150092664
1242,0.9920212765957447,0.1419789150092664
1243,0.9920212765957447,0.1419789150092664
1244,0.9920212765957447,0.1419789150092664
1245,0.9920212765957447,0.1419789150092664
1246,0.9920212765957447,0.1419789150092664
1247,0.9920212765957447,0.1419789150092664
1248,0.9920212765957447,0.1419789150092664
1249,0.9920212765957447,0.1419789150092664
1250,0.9920212765957447,0.1419789150092664
1251,1.0079787234042554,0.18329150371392436
1252,1.0079787234042554,0.18329150371392436
1253,1.0079787234042554,0.18329150371392436
1254,1.0079787234042554,0.18329150371392436
1255,1.0079787234042554,0.18329150371392436
1256,1.0079787234042554,0.18329150371392436
1257,1.0079787234042554,0.18329150371392436
1258,1.0079787234042554,0.18329150371392436
1259,1.0079787234042554,0.18329150371392436
1260,1.0079787234042554,0.18329150371392436
1261,1.0079787234042554,0.18329150371392436
1262,1.0079787234042554,0.18329150371392436
1263,1.0079787234042554,0.18329150371392436
1264,1.0079787234042554,0.18329150371392436
1265,1.0079787234042554,0.18329150371392436
1266,1.0079787234042554,0.18329150371392436
1267,1.0079787234042554,0.18329150371392436
1268,1.0079787234042554,0.18329150371392436
1269,1.0079787234042554,0.18329150371392436
1270,1.0079787234042554,0.18329150371392436
1271,1.0079787234042554,0.18329150371392436
1272,1.0079787234042554,0.18329150371392436
1273,1.0079787234042554,0.18329150371392436
1274,1.0079787234042554,0.18329150371392436
1275,1.0079787234042554,0.18329150371392436
1276,1.0079787234042554,0.18329150371392436
1277,1.0079787234042554,0.18329150371392436
1278,1.0079787234042554,0.18329150371392436
1279,1.0079787234042554,0.18329150371392436
1280,1.0079787234042554,0.18329150371392436
1281,1.0079787234042554,0.18329150371392436
1282,1.0079787234042554,0.18329150371392436
1283,1.0079787234042554,0.18329150371392436
1284,1.0079787234042554,0.18329150371392436
1285,1.0079787234042554,0.18329150371392436
1286,1.0079787234042554,0.18329150371392436
1287,1.0079787234042554,0.18329150371392436
1288,1.0079787234042554,0.18329150371392436
1289,1.0079787234042554,0.18329150371392436
1290,1.0079787234042554,0.18329150371392436
1291,1.0079787234042554,0.18329150371392436
1292,1.0079787234042554,0.18329150371392436
1293,1.0079787234042554,0.18329150371392436
1294,1.0079787234042554,0.18329150371392436
1295,1.0079787234042554,0.18329150371392436
1296,1.0079787234042554,0.18329150371392436
1297,1.0079787234042554,0.18329150371392436
1298,1.0079787234042554,0.18329150371392436
1299,1.0079787234042554,0.18329150371392436
1300,1.0079787234042554,0.18329150371392436
1301,1.0079787234042554,0.18329150371392436
1302,1.0079787234042554,0.18329150371392436
1303,1.0079787234042554,0.18329150371392436
1304,1.0079787234042554,0.18329150371392436
1305,1.0079787234042554,0.18329150371392436
1306,1.0079787234042554,0.18329150371392436
1307,1.0079787234042554,0.18329150371392436
1308,1.0079787234042554,0.18329150371392436
1309,1.0079787234042554,0.18329150371392436
1310,1.0079787234042554,0.18329150371392436
1311,1.0079787234042554,0.18329150371392436
1312,1.0079787234042554,0.18329150371392436
1313,1.0079787234042554,0.18329150371392436
1314,1.0079787234042554,0.18329150371392436
1315,1.0079787234042554,0.18329150371392436
1316,1.0079787234042554,0.18329150371392436
1317,1.0079787234042554,0.18329150371392436
1318,1.0079787234042554,0.18329150371392436
1319,1.0079787234042554,0.18329150371392436
1320,1.0079787234042554,0.18329150371392436
1321,1.0079787234042554,0.18329150371392436
1322,1.0079787234042554,0.18329150371392436
1323,1.0079787234042554,0.18329150371392436
1324,1.0079787234042554,0.18329150371392436
1325,1.0,0.22126345108680243
1326,1.0,0.22126345108680243
1327,1.0,0.22126345108680243
1328,1.0,0.22126345108680243
1329,1.0,0.22126345108680243
1330,1.0,0.22126345108680243
1331,1.0,0.22126345108680243
1332,1.0,0.22126345108680243
1333,1.0,0.22126345108680243
1334,1.0,0.22126345108680243
1335,1.0,0.22126345108680243
1336,1.0,0.22126345108680243
1337,1.0,0.22126345108680243
1338,1.0,0.22126345108680243
1339,1.0,0.22126345108680243
1340,1.0,0.22126345108680243
1341,1.0,0.22126345108680243
1342,1.0,0.22126345108680243
1343,1.0,0.22126345108680243
1344,1.0,0.22126345108680243
1345,1.0,0.22126345108680243
1346,1.0,0.22126345108680243
1347,1.0,0.22126345108680243
1348,1.0,0.22126345108680243
1349,1.0159574468085106,0.22967787764520037
1350,1.0159574468085106,0.22967787764520037
1351,1.0159574468085106,0.22967787764520037
1352,1.0159574468085106,0.22967787764520037
1353,1.0159574468085106,0.22967787764520037
1354,1.0159574468085106,0.22967787764520037
1355,1.0159574468085106,0.22967787764520037
1356,1.0159574468085106,0.22967787764520037
1357,1.0159574468085106,0.22967787764520037
1358,1.0159574468085106,0.22967787764520037
1359,1.0159574468085106,0.22967787764520037
1360,1.0159574468085106,0.22967787764520037
1361,1.0159574468085106,0.22967787764520037
1362,1.0159574468085106,0.22967787764520037
1363,1.0159574468085106,0.22967787764520037
1364,1.0159574468085106,0.22967787764520037
1365,1.0159574468085106,0.22967787764520037
1366,1.0159574468085106,0.22967787764520037
1367,1.0159574468085106,0.22967787764520037
1368,1.0159574468085106,0.22967787764520037
1369,1.0159574468085106,0.22967787764520037
1370,1.0159574468085106,0.22967787764520037
1371,1.0159574468085106,0.22967787764520037
1372,1.0159574468085106,0.22967787764520037
1373,1.0159574468085106,0.22967787764520037
1374,1.0159574468085106,0.22967787764520037
1375,1.0159574468085106,0.22967787764520037
1376,1.0159574468085106,0.22967787764520037
1377,1.0159574468085106,0.22967787764520037
1378,1.0159574468085106,0.22967787764520037
1379,1.0159574468085106,0.22967787764520037
1380,1.0159574468085106,0.22967787764520037
1381,1.0159574468085106,0.22967787764520037
1382,1.0159574468085106,0.22967787764520037
1383,1.0159574468085106,0.22967787764520037
1384,1.0159574468085106,0.22967787764520037
1385,1.0159574468085106,0.22967787764520037
1386,1.0159574468085106,0.22967787764520037
1387,1.0159574468085106,0.22967787764520037
1388,1.0159574468085106,0.22967787764520037
1389,1.0159574468085106,0.22967787764520037
1390,1.0159574468085106,0.22967787764520037
1391,1.0159574468085106,0.22967787764520037
1392,1.0159574468085106,0.22967787764520037
1393,1.0159574468085106,0.22967787764520037
1394,1.0159574468085106,0.22967787764520037
1395,1.0159574468085106,0.22967787764520037
1396,1.0159574468085106,0.22967787764520037
1397,1.0159574468085106,0.22967787764520037
1398,1.0159574468085106,0.22967787764520037
1399,1.0159574468085106,0.22967787764520037
1400,1.0079787234042554,0.17774685034573795
1401,1.0079787234042554,0.17774685034573795
1402,1.0079787234042554,0.17774685034573795
1403,1.0079787234042554,0.17774685034573795
1404,1.0,0.17640892157359836
1405,1.0,0.17640892157359836
1406,1.0,0.17640892157359836
1407,1.0,0.17640892157359836
1408,1.0,0.17640892157359836
1409,1.0,0.17640892157359836
1410,1.0,0.17640892157359836
1411,1.0,0.17640892157359836
1412,1.0,0.17640892157359836
1413,1.0,0.17640892157359836
1414,1.0,0.17640892157359836
1415,1.0,0.17640892157359836
1416,1.0,0.17640892157359836
1417,1.0,0.17640892157359836
1418,1.0,0.17640892157359836
1419,1.0,0.17640892157359836
1420,1.0,0.17640892157359836
1421,1.0,0.17640892157359836
1422,1.0,0.17640892157359836
1423,1.0,0.17640892157359836
1424,1.0,0.17640892157359836
1425,1.0,0.17640892157359836
1426,1.0,0.17640892157359836
1427,1.0,0.17640892157359836
1428,1.0,0.17640892157359836
1429,1.0,0.17640892157359836
1430,1.0,0.17640892157359836
1431,1.0,0.17640892157359836
1432,1.0,0.17640892157359836
1433,1.0,0.17640892157359836
1434,1.0,0.17640892157359836
1435,1.0,0.17640892157359836
1436,1.0,0.17640892157359836
1437,1.0,0.17640892157359836
1438,1.0,0.17640892157359836
1439,1.0,0.17640892157359836
1440,1.0,0.17640892157359836
1441,1.0,0.17640892157359836
1442,1.0,0.17640892157359836
1443,1.0,0.17640892157359836
1444,1.0,0.17640892157359836
1445,1.0,0.17640892157359836
1446,1.0,0.17640892157359836
1447,1.0,0.17640892157359836
1448,1.0,0.17640892157359836
1449,1.0,0.17640892157359836
1450,1.0,0.17640892157359836
1451,1.0,0.17640892157359836
1452,1.0,0.17640892157359836
1453,1.0,0.17640892157359836
1454,1.0,0.17640892157359836
1455,1.0,0.17640892157359836
1456,1.0,0.17640892157359836
1457,1.0,0.17640892157359836
1458,1.0,0.17640892157359836
1459,1.0,0.17640892157359836
1460,1.0,0.17640892157359836
1461,1.0,0.17640892157359836
1462,1.0,0.17640892157359836
1463,1.0,0.17640892157359836
1464,1.0,0.17640892157359836
1465,1.0,0.17640892157359836
1466,1.0,0.17640892157359836
1467,1.0,0.17640892157359836
1468,1.0,0.17640892157359836
1469,1.0,0.17640892157359836
1470,1.0,0.17640892157359836
1471,1.0,0.17640892157359836
1472,1.0,0.17640892157359836
1473,1.0,0.17640892157359836
1474,1.0,0.17640892157359836
1475,1.0,0.17640892157359836
1476,1.0,0.17640892157359836
1477,1.0,0.17640892157359836
1478,1.0,0.17640892157359836
1479,1.0,0.17640892157359836
1480,1.0,0.17640892157359836
1481,1.0,0.17640892157359836
1482,1.0,0.17640892157359836
1483,1.0,0.17640892157359836
1484,1.0,0.17640892157359836
1485,1.0,0.17640892157359836
1486,1.0,0.17640892157359836
1487,1.0,0.17640892157359836
1488,1.0,0.17640892157359836
1489,1.0159574468085106,0.1937855144955052
1490,1.0159574468085106,0.1937855144955052
1491,1.0159574468085106,0.1937855144955052
1492,1.0159574468085106,0.1937855144955052
1493,1.0159574468085106,0.1937855144955052
1494,1.0159574468085106,0.1937855144955052
1495,1.0159574468085106,0.1937855144955052
1496,1.0159574468085106,0.1937855144955052
1497,1.0159574468085106,0.1937855144955052
1498,1.0159574468085106,0.1937855144955052
1499,1.0159574468085106,0.1937855144955052
1500,1.0159574468085106,0.1937855144955052
1501,1.0159574468085106,0.1937855144955052
1502,1.0159574468085106,0.1937855144955052
1503,1.0159574468085106,0.1937855144955052
1504,1.0159574468085106,0.1937855144955052
1505,1.0159574468085106,0.1937855144955052
1506,1.0159574468085106,0.1937855144955052
1507,1.0159574468085106,0.1937855144955052
1508,1.0159574468085106,0.1937855144955052
1509,1.0159574468085106,0.1937855144955052
1510,1.0159574468085106,0.1937855144955052
1511,1.0159574468085106,0.1937855144955052
1512,1.0159574468085106,0.1937855144955052
1513,1.0159574468085106,0.1937855144955052
1514,1.0159574468085106,0.1937855144955052
1515,1.0159574468085106,0.1937855144955052
1516,1.0159574468085106,0.1937855144955052
1517,1.0159574468085106,0.1937855144955052
1518,1.0159574468085106,0.1937855144955052
1519,1.0159574468085106,0.1937855144955052
1520,1.0159574468085106,0.1937855144955052
1521,1.0159574468085106,0.1937855144955052
1522,1.0159574468085106,0.1937855144955052
1523,1.0159574468085106,0.1937855144955052
1524,1.0159574468085106,0.1937855144955052
1525,1.0159574468085106,0.1937855144955052
1526,1.0159574468085106,0.1937855144955052
1527,1.0159574468085106,0.1937855144955052
1528,1.0159574468085106,0.1937855144955052
1529,1.0159574468085106,0.1937855144955052
1530,1.0159574468085106,0.1937855144955052
1531,1.0159574468085106,0.1937855144955052
1532,1.0159574468085106,0.1937855144955052
1533,1.0079787234042554,0.1687936198440506
1534,1.0079787234042554,0.1687936198440506
1535,1.0079787234042554,0.1687936198440506
1536,1.0079787234042554,0.1687936198440506
1537,1.0079787234042554,0.1687936198440506
1538,1.0079787234042554,0.1687936198440506
1539,1.0079787234042554,0.1687936198440506
1540,1.0079787234042554,0.1687936198440506
1541,1.0079787234042554,0.1687936198440506
1542,1.0079787234042554,0.1687936198440506
1543,1.0079787234042554,0.1687936198440506
1544,1.0079787234042554,0.1687936198440506
1545,1.0079787234042554,0.1687936198440506
1546,1.0079787234042554,0.1687936198440506
1547,1.0079787234042554,0.1687936198440506
1548,1.0079787234042554,0.1687936198440506
1549,1.0079787234042554,0.1687936198440506
1550,1.0079787234042554,0.1687936198440506
1551,1.0079787234042554,0.1687936198440506
1552,1.0079787234042554,0.1687936198440506
1553,1.0079787234042554,0.1687936198440506
1554,1.0079787234042554,0.1687936198440506
1555,1.0079787234042554,0.1687936198440506
1556,1.0079787234042554,0.1687936198440506
1557,1.0079787234042554,0.1687936198440506
1558,1.0079787234042554,0.1687936198440506
1559,1.0079787234042554,0.1687936198440506
1560,1.0079787234042554,0.1687936198440506
1561,1.0079787234042554,0.1687936198440506
1562,1.0079787234042554,0.1687936198440506
1563,1.0079787234042554,0.1687936198440506
1564,1.0079787234042554,0.1687936198440506
1565,1.0079787234042554,0.1687936198440506
1566,1.0079787234042554,0.1687936198440506
1567,1.0079787234042554,0.1687936198440506
1568,1.0079787234042554,0.1687936198440506
1569,1.0079787234042554,0.1687936198440506
1570,1.0079787234042554,0.1687936198440506
1571,1.0079787234042554,0.1687936198440506
1572,1.0079787234042554,0.1687936198440506
1573,1.0079787234042554,0.1687936198440506
1574,1.0079787234042554,0.1687936198440506
1575,1.0079787234042554,0.1687936198440506
1576,1.0079787234042554,0.1687936198440506
1577,1.0079787234042554,0.1687936198440506
1578,1.0079787234042554,0.1687936198440506
1579,1.0079787234042554,0.1687936198440506
1580,1.0,0.1250231465325237
1581,1.0,0.1250231465325237
1582,1.0,0.1250231465325237
1583,1.0,0.1250231465325237
1584,1.0,0.1250231465325237
1585,1.0,0.1250231465325237
1586,1.0,0.1250231465325237
1587,1.0,0.1250231465325237
1588,1.0,0.1250231465325237
1589,1.0,0.1250231465325237
1590,1.0,0.1250231465325237
1591,1.0,0.1250231465325237
1592,1.0,0.1250231465325237
1593,1.0,0.1250231465325237
1594,1.0,0.1250231465325237
1595,1.0,0.1250231465325237
1596,1.0,0.1250231465325237
1597,1.0,0.1250231465325237
1598,1.0,0.1250231465325237
1599,1.0,0.1250231465325237
1600,1.0,0.1250231465325237
1601,1.0,0.1250231465325237
1602,1.0,0.1250231465325237
1603,1.0,0.1250231465325237
1604,1.0,0.1250231465325237
1605,1.0,0.1250231465325237
1606,1.0,0.1250231465325237
1607,1.0,0.1250231465325237
1608,1.0,0.1250231465325237
1609,1.0,0.1250231465325237
1610,1.0,0.1250231465325237
1611,1.0,0.1250231465325237
1612,1.0,0.1250231465325237
1613,1.0,0.1250231465325237
1614,1.0,0.1250231465325237
1615,1.0,0.1250231465325237
1616,1.0,0.1250231465325237
1617,1.0,0.1250231465325237
1618,1.0,0.1250231465325237
1619,1.0,0.1250231465325237
1620,1.0,0.1250231465325237
1621,1.0,0.1250231465325237
1622,1.0,0.1250231465325237
1623,1.0,0.1250231465325237
1624,1.0,0.1250231465325237
1625,1.0,0.1250231465325237
1626,1.0,0.1250231465325237
1627,1.0,0.1250231465325237
1628,1.0,0.1250231465325237
1629,1.0,0.1250231465325237
1630,1.0,0.1250231465325237
1631,1.0,0.1250231465325237
1632,1.0,0.1250231465325237
1633,1.0,0.1250231465325237
1634,1.0,0.1250231465325237
1635,1.0,0.1250231465325237
1636,1.0,0.1250231465325237
1637,1.0,0.1250231465325237
1638,1.0,0.1250231465325237
1639,1.0,0.1250231465325237
1640,1.0,0.1250231465325237
1641,1.0,0.1250231465325237
1642,1.0,0.1250231465325237
1643,1.0,0.1250231465325237
1644,1.0,0.1250231465325237
1645,1.0159574468085106,0.15576117515262045
1646,1.0159574468085106,0.15576117515262045
1647,1.0159574468085106,0.15576117515262045
1648,1.0159574468085106,0.15576117515262045
1649,1.0159574468085106,0.15576117515262045
1650,1.0159574468085106,0.15576117515262045
1651,1.0159574468085106,0.15576117515262045
1652,1.0159574468085106,0.15576117515262045
1653,1.0159574468085106,0.15576117515262045
1654,1.0159574468085106,0.15576117515262045
1655,1.0159574468085106,0.15576117515262045
1656,1.0079787234042554,0.2122667014812225
1657,1.0079787234042554,0.2122667014812225
1658,1.0079787234042554,0.2122667014812225
1659,1.0,0.18612327232173076
1660,0.9920212765957447,0.19303621141643326
1661,0.9920212765957447,0.19303621141643326
1662,0.9920212765957447,0.19303621141643326
1663,0.9920212765957447,0.19303621141643326
1664,0.9920212765957447,0.19303621141643326
1665,0.9920212765957447,0.19303621141643326
1666,0.9920212765957447,0.19303621141643326
1667,0.9920212765957447,0.19303621141643326
1668,0.9920212765957447,0.19303621141643326
1669,1.0079787234042554,0.1622981827963365
1670,1.0079787234042554,0.1622981827963365
1671,1.0079787234042554,0.1622981827963365
1672,1.0079787234042554,0.1622981827963365
1673,1.0079787234042554,0.1622981827963365
1674,1.0079787234042554,0.1622981827963365
1675,1.0079787234042554,0.1622981827963365
1676,1.0079787234042554,0.1622981827963365
1677,1.0079787234042554,0.1622981827963365
1678,1.0079787234042554,0.1622981827963365
1679,1.0079787234042554,0.1622981827963365
1680,1.0079787234042554,0.1622981827963365
1681,1.0079787234042554,0.1622981827963365
1682,1.0079787234042554,0.1622981827963365
1683,1.0079787234042554,0.1622981827963365
1684,1.0079787234042554,0.1622981827963365
1685,1.0079787234042554,0.1622981827963365
1686,1.0079787234042554,0.1622981827963365
1687,1.0079787234042554,0.1622981827963365
1688,1.0079787234042554,0.1622981827963365
1689,1.0079787234042554,0.1622981827963365
1690,1.0079787234042554,0.1622981827963365
1691,1.0079787234042554,0.1622981827963365
1692,1.0079787234042554,0.1622981827963365
1693,1.0079787234042554,0.1622981827963365
1694,1.0079787234042554,0.1622981827963365
1695,1.0079787234042554,0.1622981827963365
1696,1.0079787234042554,0.1622981827963365
1697,1.0079787234042554,0.1622981827963365
1698,1.0079787234042554,0.1622981827963365
1699,1.0079787234042554,0.1622981827963365
1700,1.0079787234042554,0.1622981827963365
1701,1.0079787234042554,0.1622981827963365
1702,1.0079787234042554,0.1622981827963365
1703,1.0079787234042554,0.1622981827963365
1704,1.0079787234042554,0.1622981827963365
1705,1.0079787234042554,0.1622981827963365
1706,1.0079787234042554,0.1622981827963365
1707,1.0079787234042554,0.1622981827963365
1708,1.0079787234042554,0.1622981827963365
1709,1.0079787234042554,0.1622981827963365
1710,1.0079787234042554,0.1622981827963365
1711,1.0079787234042554,0.1622981827963365
1712,1.0079787234042554,0.1622981827963365
1713,1.0079787234042554,0.1622981827963365
1714,1.0079787234042554,0.1622981827963365
1715,1.0,0.21516107969119336
1716,1.0,0.21516107969119336
1717,1.0,0.21516107969119336
1718,1.0,0.21516107969119336
1719,1.0,0.21516107969119336
1720,1.0,0.21516107969119336
1721,1.0,0.21516107969119336
1722,1.0,0.21516107969119336
1723,1.0,0.21516107969119336
1724,1.0,0.21516107969119336
1725,1.0,0.21516107969119336
1726,1.0,0.21516107969119336
1727,1.0,0.21516107969119336
1728,1.0,0.21516107969119336
1729,1.0,0.21516107969119336
1730,1.0,0.21516107969119336
1731,1.0,0.21516107969119336
1732,1.0,0.21516107969119336
1733,1.0,0.21516107969119336
1734,1.0079787234042554,0.25926445760746875
1735,1.0079787234042554,0.25926445760746875
1736,1.0079787234042554,0.25926445760746875
1737,1.0079787234042554,0.25926445760746875
1738,1.0079787234042554,0.25926445760746875
1739,1.0079787234042554,0.25926445760746875
1740,1.0079787234042554,0.25926445760746875
1741,1.0079787234042554,0.25926445760746875
1742,1.0079787234042554,0.25926445760746875
1743,1.0079787234042554,0.25926445760746875
1744,1.0079787234042554,0.25926445760746875
1745,1.0079787234042554,0.25926445760746875
1746,1.0079787234042554,0.25926445760746875
1747,1.0079787234042554,0.25926445760746875
1748,1.0079787234042554,0.25926445760746875
1749,1.0079787234042554,0.25926445760746875
1750,1.0079787234042554,0.25926445760746875
1751,1.0079787234042554,0.25926445760746875
1752,1.0079787234042554,0.25926445760746875
1753,1.0079787234042554,0.25926445760746875
1754,1.0079787234042554,0.25926445760746875
1755,1.0079787234042554,0.25926445760746875
1756,1.0079787234042554,0.25926445760746875
1757,1.0079787234042554,0.25926445760746875
1758,1.0079787234042554,0.25926445760746875
1759,1.0079787234042554,0.25926445760746875
1760,1.0079787234042554,0.25926445760746875
1761,1.0079787234042554,0.25926445760746875
1762,1.0079787234042554,0.25926445760746875
1763,1.0079787234042554,0.25926445760746875
1764,1.0079787234042554,0.25926445760746875
1765,1.0079787234042554,0.25926445760746875
1766,1.0079787234042554,0.25926445760746875
1767,1.0,0.3158985812630504
1768,1.0,0.3158985812630504
1769,1.0,0.3158985812630504
1770,1.0,0.3158985812630504
1771,1.0,0.3158985812630504
1772,1.0,0.3158985812630504
1773,1.0,0.3158985812630504
1774,1.0,0.3158985812630504
1775,1.0,0.3158985812630504
1776,1.0,0.3158985812630504
1777,1.0,0.3158985812630504
1778,1.0,0.3158985812630504
1779,1.0,0.3158985812630504
1780,1.0,0.3158985812630504
1781,1.0,0.3158985812630504
1782,1.0,0.3158985812630504
1783,1.0,0.3158985812630504
1784,1.0,0.3158985812630504
1785,1.0,0.3158985812630504
1786,1.0,0.3158985812630504
1787,1.0,0.3158985812630504
1788,1.0,0.3158985812630504
1789,1.0,0.3158985812630504
1790,1.0,0.3158985812630504
1791,1.0,0.3158985812630504
1792,1.0,0.3158985812630504
1793,1.0,0.3158985812630504
1794,1.0,0.3158985812630504
1795,1.0,0.3158985812630504
1796,1.0,0.3158985812630504
1797,0.9920212765957447,0.35848907845730843
1798,0.9920212765957447,0.35848907845730843
1799,0.9920212765957447,0.35848907845730843
1800,0.9920212765957447,0.35848907845730843
1801,0.9920212765957447,0.35848907845730843
1802,0.9920212765957447,0.35848907845730843
1803,0.9920212765957447,0.35848907845730843
1804,0.9920212765957447,0.35848907845730843
1805,0.9920212765957447,0.35848907845730843
1806,0.9920212765957447,0.35848907845730843
1807,0.9920212765957447,0.35848907845730843
1808,0.9920212765957447,0.35848907845730843
1809,0.9920212765957447,0.35848907845730843
1810,0.9920212765957447,0.35848907845730843
1811,0.9920212765957447,0.35848907845730843
1812,0.9920212765957447,0.35848907845730843
1813,0.9920212765957447,0.35848907845730843
1814,0.9920212765957447,0.35848907845730843
1815,0.9920212765957447,0.35848907845730843
1816,0.9920212765957447,0.35848907845730843
1817,0.9920212765957447,0.35848907845730843
1818,0.9920212765957447,0.35848907845730843
1819,0.9920212765957447,0.35848907845730843
1820,0.9920212765957447,0.35848907845730843
1821,0.9920212765957447,0.35848907845730843
1822,0.9920212765957447,0.35848907845730843
1823,0.9920212765957447,0.35848907845730843
1824,0.9920212765957447,0.35848907845730843
1825,0.9920212765957447,0.35848907845730843
1826,0.9920212765957447,0.35848907845730843
1827,0.9920212765957447,0.35848907845730843
1828,0.9920212765957447,0.35848907845730843
1829,0.9920212765957447,0.35848907845730843
1830,0.9920212765957447,0.35848907845730843
1831,0.9920212765957447,0.35848907845730843
1832,0.9920212765957447,0.35848907845730843
1833,0.9920212765957447,0.35848907845730843
1834,0.9920212765957447,0.35848907845730843
1835,0.9920212765957447,0.35848907845730843
1836,0.9920212765957447,0.35848907845730843
1837,0.9920212765957447,0.35848907845730843
1838,0.9920212765957447,0.35848907845730843
1839,0.9920212765957447,0.35848907845730843
1840,0.9920212765957447,0.35848907845730843
1841,0.9920212765957447,0.35848907845730843
1842,0.9920212765957447,0.35848907845730843
1843,0.9920212765957447,0.35848907845730843
1844,0.9920212765957447,0.35848907845730843
1845,0.9920212765957447,0.35848907845730843
1846,0.9920212765957447,0.35848907845730843
1847,0.9920212765957447,0.35848907845730843
1848,0.9920212765957447,0.35848907845730843
1849,0.9920212765957447,0.35848907845730843
1850,0.9920212765957447,0.35848907845730843
1851,0.9920212765957447,0.35848907845730843
1852,0.9920212765957447,0.35848907845730843
1853,0.9920212765957447,0.35848907845730843
1854,0.9920212765957447,0.35848907845730843
1855,0.9920212765957447,0.35848907845730843
1856,0.9920212765957447,0.35848907845730843
1857,0.9920212765957447,0.35848907845730843
1858,0.9920212765957447,0.35848907845730843
1859,0.9920212765957447,0.35848907845730843
1860,0.9920212765957447,0.35848907845730843
1861,0.9920212765957447,0.35848907845730843
1862,0.9920212765957447,0.35848907845730843
1863,0.9920212765957447,0.35848907845730843
1864,0.9920212765957447,0.35848907845730843
1865,0.9920212765957447,0.35848907845730843
1866,0.9920212765957447,0.35848907845730843
1867,0.9920212765957447,0.35848907845730843
1868,0.9920212765957447,0.35848907845730843
1869,0.9920212765957447,0.35848907845730843
1870,0.9920212765957447,0.35848907845730843
1871,0.9920212765957447,0.35848907845730843
1872,0.9920212765957447,0.35848907845730843
1873,0.9920212765957447,0.35848907845730843
1874,0.9920212765957447,0.35848907845730843
1875,0.9920212765957447,0.35848907845730843
1876,0.9920212765957447,0.35848907845730843
1877,0.9920212765957447,0.35848907845730843
1878,0.9920212765957447,0.35848907845730843
1879,0.9920212765957447,0.35848907845730843
1880,0.9920212765957447,0.35848907845730843
1881,0.9920212765957447,0.35848907845730843
1882,0.9920212765957447,0.35848907845730843
1883,0.9920212765957447,0.35848907845730843
1884,0.9920212765957447,0.35848907845730843
1885,0.9920212765957447,0.35848907845730843
1886,0.9920212765957447,0.35848907845730843
1887,0.9920212765957447,0.35848907845730843
1888,0.9920212765957447,0.35848907845730843
1889,0.9920212765957447,0.35848907845730843
1890,0.9920212765957447,0.35848907845730843
1891,0.9920212765957447,0.35848907845730843
1892,0.9920212765957447,0.35848907845730843
1893,0.9920212765957447,0.35848907845730843
1894,0.9920212765957447,0.35848907845730843
1895,0.9920212765957447,0.35848907845730843
1896,0.9920212765957447,0.35848907845730843
1897,0.9920212765957447,0.35848907845730843
1898,0.9920212765957447,0.35848907845730843
1899,0.9920212765957447,0.35848907845730843
1900,0.9920212765957447,0.35848907845730843
1901,0.9920212765957447,0.35848907845730843
1902,0.9920212765957447,0.35848907845730843
1903,0.9920212765957447,0.35848907845730843
1904,0.9920212765957447,0.35848907845730843
1905,0.9920212765957447,0.35848907845730843
1906,0.9920212765957447,0.35848907845730843
1907,0.9920212765957447,0.35848907845730843
1908,0.9920212765957447,0.35848907845730843
1909,0.9920212765957447,0.35848907845730843
1910,0.9920212765957447,0.35848907845730843
1911,0.9920212765957447,0.35848907845730843
1912,0.9920212765957447,0.35848907845730843
1913,0.9920212765957447,0.35848907845730843
1914,0.9920212765957447,0.35848907845730843
1915,0.9920212765957447,0.35848907845730843
1916,0.9920212765957447,0.35848907845730843
1917,0.9920212765957447,0.35848907845730843
1918,0.9920212765957447,0.35848907845730843
1919,0.9920212765957447,0.35848907845730843
1920,0.9920212765957447,0.35848907845730843
1921,0.9920212765957447,0.35848907845730843
1922,0.9920212765957447,0.35848907845730843
1923,0.9920212765957447,0.35848907845730843
1924,1.0079787234042554,0.38270833599682674
1925,1.0079787234042554,0.38270833599682674
1926,1.0079787234042554,0.38270833599682674
1927,1.0079787234042554,0.38270833599682674
1928,1.0079787234042554,0.38270833599682674
1929,1.023936170212766,0.4143168089203277
1930,1.023936170212766,0.4143168089203277
1931,1.023936170212766,0.4143168089203277
1932,1.023936170212766,0.4143168089203277
1933,1.023936170212766,0.4143168089203277
1934,1.023936170212766,0.4143168089203277
1935,1.023936170212766,0.4143168089203277
1936,1.023936170212766,0.4143168089203277
1937,1.023936170212766,0.4143168089203277
1938,1.023936170212766,0.4143168089203277
1939,1.023936170212766,0.4143168089203277
1940,1.023936170212766,0.4143168089203277
1941,1.023936170212766,0.4143168089203277
1942,1.023936170212766,0.4143168089203277
1943,1.023936170212766,0.4143168089203277
1944,1.023936170212766,0.4143168089203277
1945,1.023936170212766,0.4143168089203277
1946,1.023936170212766,0.4143168089203277
1947,1.023936170212766,0.4143168089203277
1948,1.023936170212766,0.4143168089203277
1949,1.023936170212766,0.4143168089203277
1950,1.0398936170212767,0.4285960161305818
1951,1.0398936170212767,0.4285960161305818
1952,1.0398936170212767,0.4285960161305818
1953,1.0398936170212767,0.4285960161305818
1954,1.0398936170212767,0.4285960161305818
1955,1.0398936170212767,0.4285960161305818
1956,1.0398936170212767,0.4285960161305818
1957,1.0398936170212767,0.4285960161305818
1958,1.0398936170212767,0.4285960161305818
1959,1.0398936170212767,0.4285960161305818
1960,1.0398936170212767,0.4285960161305818
1961,1.0398936170212767,0.4285960161305818
1962,1.0398936170212767,0.4285960161305818
1963,1.0398936170212767,0.4285960161305818
1964,1.0398936170212767,0.4285960161305818
1965,1.0398936170212767,0.4285960161305818
1966,1.0398936170212767,0.4285960161305818
1967,1.0398936170212767,0.4285960161305818
1968,1.0398936170212767,0.4285960161305818
1969,1.0398936170212767,0.4285960161305818
1970,1.0398936170212767,0.4285960161305818
1971,1.0398936170212767,0.4285960161305818
1972,1.0398936170212767,0.4285960161305818
1973,1.0398936170212767,0.4285960161305818
1974,1.0398936170212767,0.4285960161305818
1975,1.0398936170212767,0.4285960161305818
1976,1.0398936170212767,0.4285960161305818
1977,1.0398936170212767,0.4285960161305818
1978,1.0398936170212767,0.4285960161305818
1979,1.0398936170212767,0.4285960161305818
1980,1.0398936170212767,0.4285960161305818
1981,1.0319148936170213,0.39414797380444894
1982,1.0319148936170213,0.39414797380444894
1983,1.0319148936170213,0.39414797380444894
1984,1.0319148936170213,0.39414797380444894
1985,1.0319148936170213,0.39414797380444894
1986,1.0319148936170213,0.39414797380444894
1987,1.0319148936170213,0.39414797380444894
1988,1.0319148936170213,0.39414797380444894
1989,1.0319148936170213,0.39414797380444894
1990,1.0319148936170213,0.39414797380444894
1991,1.0319148936170213,0.39414797380444894
1992,1.0319148936170213,0.39414797380444894
1993,1.0319148936170213,0.39414797380444894
1994,1.0319148936170213,0.39414797380444894
1995,1.047872340425532,0.4305343292017198
1996,1.047872340425532,0.4305343292017198
1997,1.047872340425532,0.4305343292017198
1998,1.047872340425532,0.4305343292017198
1999,1.047872340425532,0.4305343292017198
2000,1.047872340425532,0.4305343292017198
2001,1.047872340425532,0.4305343292017198
2002,1.047872340425532,0.4305343292017198
2003,1.047872340425532,0.4305343292017198
2004,1.047872340425532,0.4305343292017198
2005,1.047872340425532,0.4305343292017198
2006,1.047872340425532,0.4305343292017198
2007,1.047872340425532,0.4305343292017198
2008,1.047872340425532,0.4305343292017198
2009,1.047872340425532,0.4305343292017198
2010,1.047872340425532,0.4305343292017198
2011,1.047872340425532,0.4305343292017198
2012,1.047872340425532,0.4305343292017198
2013,1.047872340425532,0.4305343292017198
2014,1.047872340425532,0.4305343292017198
2015,1.047872340425532,0.4305343292017198
2016,1.047872340425532,0.4305343292017198
2017,1.047872340425532,0.4305343292017198
2018,1.047872340425532,0.4305343292017198
2019,1.047872340425532,0.4305343292017198
2020,1.047872340425532,0.4305343292017198
2021,1.047872340425532,0.4305343292017198
2022,1.047872340425532,0.4305343292017198
2023,1.047872340425532,0.4305343292017198
2024,1.047872340425532,0.4305343292017198
2025,1.047872340425532,0.4305343292017198
2026,1.047872340425532,0.4305343292017198
2027,1.047872340425532,0.4305343292017198
2028,1.047872340425532,0.4305343292017198
2029,1.047872340425532,0.4305343292017198
2030,1.047872340425532,0.4305343292017198
2031,1.047872340425532,0.4305343292017198
2032,1.0638297872340425,0.40842718101470293
2033,1.0638297872340425,0.40842718101470293
2034,1.0638297872340425,0.40842718101470293
2035,1.0638297872340425,0.40842718101470293
2036,1.0638297872340425,0.40842718101470293
2037,1.0638297872340425,0.40842718101470293
2038,1.0638297872340425,0.40842718101470293
2039,1.0638297872340425,0.40842718101470293
2040,1.0638297872340425,0.40842718101470293
2041,1.0638297872340425,0.40842718101470293
2042,1.0638297872340425,0.40842718101470293
2043,1.0638297872340425,0.40842718101470293
2044,1.0638297872340425,0.40842718101470293
2045,1.0638297872340425,0.40842718101470293
2046,1.0638297872340425,0.40842718101470293
2047,1.0638297872340425,0.40842718101470293
2048,1.0638297872340425,0.40842718101470293
2049,1.0638297872340425,0.40842718101470293
2050,1.0638297872340425,0.40842718101470293
2051,1.0638297872340425,0.40842718101470293
2052,1.0638297872340425,0.40842718101470293
2053,1.0638297872340425,0.40842718101470293
2054,1.0638297872340425,0.40842718101470293
2055,1.0638297872340425,0.40842718101470293
2056,1.0638297872340425,0.40842718101470293
2057,1.0638297872340425,0.40842718101470293
2058,1.0638297872340425,0.40842718101470293
2059,1.0638297872340425,0.40842718101470293
2060,1.0797872340425532,0.4175010523570855
2061,1.0797872340425532,0.4175010523570855
2062,1.0797872340425532,0.4175010523570855
2063,1.0797872340425532,0.4175010523570855
2064,1.0797872340425532,0.4175010523570855
2065,1.0797872340425532,0.4175010523570855
2066,1.0797872340425532,0.4175010523570855
2067,1.0797872340425532,0.4175010523570855
2068,1.0797872340425532,0.4175010523570855
2069,1.0797872340425532,0.4175010523570855
2070,1.0797872340425532,0.4175010523570855
2071,1.0797872340425532,0.4175010523570855
2072,1.0797872340425532,0.4175010523570855
2073,1.0797872340425532,0.4175010523570855
2074,1.0797872340425532,0.4175010523570855
2075,1.0797872340425532,0.4175010523570855
2076,1.0797872340425532,0.4175010523570855
2077,1.0797872340425532,0.4175010523570855
2078,1.095744680851064,0.45485695770423085
2079,1.095744680851064,0.45485695770423085
2080,1.095744680851064,0.45485695770423085
2081,1.095744680851064,0.45485695770423085
2082,1.095744680851064,0.45485695770423085
2083,1.095744680851064,0.45485695770423085
2084,1.095744680851064,0.45485695770423085
2085,1.095744680851064,0.45485695770423085
2086,1.095744680851064,0.45485695770423085
2087,1.095744680851064,0.45485695770423085
2088,1.095744680851064,0.45485695770423085
2089,1.095744680851064,0.45485695770423085
2090,1.095744680851064,0.45485695770423085
2091,1.095744680851064,0.45485695770423085
2092,1.095744680851064,0.45485695770423085
2093,1.095744680851064,0.45485695770423085
2094,1.095744680851064,0.45485695770423085
2095,1.095744680851064,0.45485695770423085
2096,1.095744680851064,0.45485695770423085
2097,1.095744680851064,0.45485695770423085
2098,1.095744680851064,0.45485695770423085
2099,1.095744680851064,0.45485695770423085
2100,1.095744680851064,0.45485695770423085
2101,1.095744680851064,0.45485695770423085
2102,1.095744680851064,0.45485695770423085
2103,1.095744680851064,0.45485695770423085
2104,1.095744680851064,0.45485695770423085
2105,1.095744680851064,0.45485695770423085
2106,1.095744680851064,0.45485695770423085
2107,1.095744680851064,0.45485695770423085
2108,1.095744680851064,0.45485695770423085
2109,1.095744680851064,0.45485695770423085
2110,1.095744680851064,0.45485695770423085
2111,1.095744680851064,0.45485695770423085
2112,1.095744680851064,0.45485695770423085
2113,1.095744680851064,0.45485695770423085
2114,1.095744680851064,0.45485695770423085
2115,1.095744680851064,0.45485695770423085
2116,1.095744680851064,0.45485695770423085
2117,1.095744680851064,0.45485695770423085
2118,1.095744680851064,0.45485695770423085
2119,1.095744680851064,0.45485695770423085
2120,1.095744680851064,0.45485695770423085
2121,1.095744680851064,0.45485695770423085
2122,1.095744680851064,0.45485695770423085
2123,1.095744680851064,0.45485695770423085
2124,1.095744680851064,0.45485695770423085
2125,1.095744680851064,0.45485695770423085
2126,1.095744680851064,0.45485695770423085
2127,1.095744680851064,0.45485695770423085
2128,1.095744680851064,0.45485695770423085
2129,1.095744680851064,0.45485695770423085
2130,1.095744680851064,0.45485695770423085
2131,1.095744680851064,0.45485695770423085
2132,1.095744680851064,0.45485695770423085
2133,1.095744680851064,0.45485695770423085
2134,1.095744680851064,0.45485695770423085
2135,1.095744680851064,0.45485695770423085
2136,1.095744680851064,0.45485695770423085
2137,1.095744680851064,0.45485695770423085
2138,1.095744680851064,0.45485695770423085
2139,1.095744680851064,0.45485695770423085
2140,1.095744680851064,0.45485695770423085
2141,1.095744680851064,0.45485695770423085
2142,1.095744680851064,0.45485695770423085
2143,1.095744680851064,0.45485695770423085
2144,1.095744680851064,0.45485695770423085
2145,1.095744680851064,0.45485695770423085
2146,1.095744680851064,0.45485695770423085
2147,1.095744680851064,0.45485695770423085
2148,1.095744680851064,0.45485695770423085
2149,1.095744680851064,0.45485695770423085
2150,1.095744680851064,0.45485695770423085
2151,1.095744680851064,0.45485695770423085
2152,1.095744680851064,0.45485695770423085
2153,1.095744680851064,0.45485695770423085
2154,1.095744680851064,0.45485695770423085
2155,1.095744680851064,0.45485695770423085
2156,1.095744680851064,0.45485695770423085
2157,1.095744680851064,0.45485695770423085
2158,1.095744680851064,0.45485695770423085
2159,1.095744680851064,0.45485695770423085
2160,1.095744680851064,0.45485695770423085
2161,1.095744680851064,0.45485695770423085
2162,1.095744680851064,0.45485695770423085
2163,1.095744680851064,0.45485695770423085
2164,1.095744680851064,0.45485695770423085
2165,1.095744680851064,0.45485695770423085
2166,1.095744680851064,0.45485695770423085
2167,1.095744680851064,0.45485695770423085
2168,1.095744680851064,0.45485695770423085
2169,1.095744680851064,0.45485695770423085
2170,1.095744680851064,0.45485695770423085
2171,1.095744680851064,0.45485695770423085
2172,1.095744680851064,0.45485695770423085
2173,1.095744680851064,0.45485695770423085
2174,1.095744680851064,0.45485695770423085
2175,1.095744680851064,0.45485695770423085
2176,1.095744680851064,0.45485695770423085
2177,1.095744680851064,0.45485695770423085
2178,1.095744680851064,0.45485695770423085
2179,1.095744680851064,0.45485695770423085
2180,1.095744680851064,0.45485695770423085
2181,1.095744680851064,0.45485695770423085
2182,1.095744680851064,0.45485695770423085
2183,1.095744680851064,0.45485695770423085
2184,1.095744680851064,0.45485695770423085
2185,1.095744680851064,0.45485695770423085
2186,1.095744680851064,0.45485695770423085
2187,1.095744680851064,0.45485695770423085
2188,1.095744680851064,0.45485695770423085
2189,1.095744680851064,0.45485695770423085
2190,1.0877659574468086,0.4347237333021251
2191,1.0877659574468086,0.4347237333021251
2192,1.0877659574468086,0.4347237333021251
2193,1.0877659574468086,0.4347237333021251
2194,1.0877659574468086,0.4347237333021251
2195,1.0877659574468086,0.4347237333021251
2196,1.0877659574468086,0.4347237333021251
2197,1.0877659574468086,0.4347237333021251
2198,1.0877659574468086,0.4347237333021251
2199,1.0877659574468086,0.4347237333021251
2200,1.0877659574468086,0.4347237333021251
2201,1.0877659574468086,0.4347237333021251
2202,1.0877659574468086,0.4347237333021251
2203,1.0877659574468086,0.4347237333021251
2204,1.0797872340425532,0.3876397524621427
2205,1.0797872340425532,0.3876397524621427
2206,1.0797872340425532,0.3876397524621427
2207,1.0797872340425532,0.3876397524621427
2208,1.0797872340425532,0.3876397524621427
2209,1.0797872340425532,0.3876397524621427
2210,1.0797872340425532,0.3876397524621427
2211,1.0797872340425532,0.3876397524621427
2212,1.0797872340425532,0.3876397524621427
2213,1.0797872340425532,0.3876397524621427
2214,1.0797872340425532,0.3876397524621427
2215,1.0797872340425532,0.3876397524621427
2216,1.0797872340425532,0.3876397524621427
2217,1.0797872340425532,0.3876397524621427
2218,1.0797872340425532,0.3876397524621427
2219,1.0797872340425532,0.3876397524621427
2220,1.0797872340425532,0.3876397524621427
2221,1.0797872340425532,0.3876397524621427
2222,1.0797872340425532,0.3876397524621427
2223,1.0797872340425532,0.3876397524621427
2224,1.0797872340425532,0.3876397524621427
2225,1.0797872340425532,0.3876397524621427
2226,1.0797872340425532,0.3876397524621427
2227,1.0797872340425532,0.3876397524621427
2228,1.0797872340425532,0.3876397524621427
2229,1.0797872340425532,0.3876397524621427
2230,1.0797872340425532,0.3876397524621427
2231,1.0797872340425532,0.3876397524621427
2232,1.0797872340425532,0.3876397524621427
2233,1.0797872340425532,0.3876397524621427
2234,1.0797872340425532,0.3876397524621427
2235,1.0797872340425532,0.3876397524621427
2236,1.0797872340425532,0.3876397524621427
2237,1.0797872340425532,0.3876397524621427
2238,1.0797872340425532,0.3876397524621427
2239,1.0797872340425532,0.3876397524621427
2240,1.0797872340425532,0.3876397524621427
2241,1.0797872340425532,0.3876397524621427
2242,1.0797872340425532,0.3876397524621427
2243,1.0797872340425532,0.3876397524621427
2244,1.0797872340425532,0.3876397524621427
2245,1.0797872340425532,0.3876397524621427
2246,1.0797872340425532,0.3876397524621427
2247,1.0797872340425532,0.3876397524621427
2248,1.0797872340425532,0.3876397524621427
2249,1.0797872340425532,0.3876397524621427
2250,1.0797872340425532,0.3876397524621427
2251,1.0797872340425532,0.3876397524621427
2252,1.0797872340425532,0.3876397524621427
2253,1.0797872340425532,0.3876397524621427
2254,1.0797872340425532,0.3876397524621427
2255,1.0797872340425532,0.3876397524621427
2256,1.0797872340425532,0.3876397524621427
2257,1.0797872340425532,0.3876397524621427
2258,1.0797872340425532,0.3876397524621427
2259,1.0797872340425532,0.3876397524621427
2260,1.0797872340425532,0.3876397524621427
2261,1.0797872340425532,0.3876397524621427
2262,1.0797872340425532,0.3876397524621427
2263,1.0797872340425532,0.3876397524621427
2264,1.0797872340425532,0.3876397524621427
2265,1.0797872340425532,0.3876397524621427
2266,1.0797872340425532,0.3876397524621427
2267,1.0797872340425532,0.3876397524621427
2268,1.0797872340425532,0.3876397524621427
2269,1.0797872340425532,0.3876397524621427
2270,1.0797872340425532,0.3876397524621427
2271,1.0797872340425532,0.3876397524621427
2272,1.0797872340425532,0.3876397524621427
2273,1.0797872340425532,0.3876397524621427
2274,1.0797872340425532,0.3876397524621427
2275,1.0797872340425532,0.3876397524621427
2276,1.0797872340425532,0.3876397524621427
2277,1.0797872340425532,0.3876397524621427
2278,1.0797872340425532,0.3876397524621427
2279,1.0797872340425532,0.3876397524621427
2280,1.0797872340425532,0.3876397524621427
2281,1.0797872340425532,0.3876397524621427
2282,1.0797872340425532,0.3876397524621427
2283,1.0797872340425532,0.3876397524621427
2284,1.0797872340425532,0.3876397524621427
2285,1.0797872340425532,0.3876397524621427
2286,1.0797872340425532,0.3876397524621427
2287,1.0797872340425532,0.3876397524621427
2288,1.0797872340425532,0.3876397524621427
2289,1.0797872340425532,0.3876397524621427
2290,1.0797872340425532,0.3876397524621427
2291,1.0797872340425532,0.3876397524621427
2292,1.0797872340425532,0.3876397524621427
2293,1.0797872340425532,0.3876397524621427
2294,1.0797872340425532,0.3876397524621427
2295,1.0797872340425532,0.3876397524621427
2296,1.0797872340425532,0.3876397524621427
2297,1.0797872340425532,0.3876397524621427
2298,1.0797872340425532,0.3876397524621427
2299,1.0797872340425532,0.3876397524621427
2300,1.0797872340425532,0.3876397524621427
2301,1.0797872340425532,0.3876397524621427
2302,1.0797872340425532,0.3876397524621427
2303,1.0797872340425532,0.3876397524621427
2304,1.0797872340425532,0.3876397524621427
2305,1.0797872340425532,0.3876397524621427
2306,1.0797872340425532,0.3876397524621427
2307,1.0797872340425532,0.3876397524621427
2308,1.0797872340425532,0.3876397524621427
2309,1.0797872340425532,0.3876397524621427
2310,1.0797872340425532,0.3876397524621427
2311,1.0797872340425532,0.3876397524621427
2312,1.0797872340425532,0.3876397524621427
2313,1.0797872340425532,0.3876397524621427
2314,1.0797872340425532,0.3876397524621427
2315,1.0797872340425532,0.3876397524621427
2316,1.0797872340425532,0.3876397524621427
2317,1.0797872340425532,0.3876397524621427
2318,1.0797872340425532,0.3876397524621427
2319,1.0797872340425532,0.3876397524621427
2320,1.0797872340425532,0.3876397524621427
2321,1.0797872340425532,0.3876397524621427
2322,1.0797872340425532,0.3876397524621427
2323,1.0797872340425532,0.3876397524621427
2324,1.0797872340425532,0.3876397524621427
2325,1.0797872340425532,0.3876397524621427
2326,1.0797872340425532,0.3876397524621427
2327,1.0797872340425532,0.3876397524621427
2328,1.0797872340425532,0.3876397524621427
2329,1.0797872340425532,0.3876397524621427
2330,1.0797872340425532,0.3876397524621427
2331,1.0797872340425532,0.3876397524621427
2332,1.0797872340425532,0.3876397524621427
2333,1.0797872340425532,0.3876397524621427
2334,1.0797872340425532,0.3876397524621427
2335,1.0797872340425532,0.3876397524621427
2336,1.0797872340425532,0.3876397524621427
2337,1.0797872340425532,0.3876397524621427
2338,1.0797872340425532,0.3876397524621427
2339,1.0797872340425532,0.3876397524621427
2340,1.0797872340425532,0.3876397524621427
2341,1.0797872340425532,0.3876397524621427
2342,1.0797872340425532,0.3876397524621427
2343,1.0797872340425532,0.3876397524621427
2344,1.0797872340425532,0.3876397524621427
2345,1.0797872340425532,0.3876397524621427
2346,1.0797872340425532,0.3876397524621427
2347,1.0797872340425532,0.3876397524621427
2348,1.0797872340425532,0.3876397524621427
2349,1.0797872340425532,0.3876397524621427
2350,1.0797872340425532,0.3876397524621427
2351,1.0797872340425532,0.3876397524621427
2352,1.0797872340425532,0.3876397524621427
2353,1.0797872340425532,0.3876397524621427
2354,1.0797872340425532,0.3876397524621427
2355,1.0797872340425532,0.3876397524621427
2356,1.0797872340425532,0.3876397524621427
2357,1.0797872340425532,0.3876397524621427
2358,1.0797872340425532,0.3876397524621427
2359,1.0797872340425532,0.3876397524621427
2360,1.0797872340425532,0.3876397524621427
2361,1.0797872340425532,0.3876397524621427
2362,1.0797872340425532,0.3876397524621427
2363,1.0797872340425532,0.3876397524621427
2364,1.0797872340425532,0.3876397524621427
2365,1.0797872340425532,0.3876397524621427
2366,1.0797872340425532,0.3876397524621427
2367,1.0797872340425532,0.3876397524621427
2368,1.0797872340425532,0.3876397524621427
2369,1.0797872340425532,0.3876397524621427
2370,1.0797872340425532,0.3876397524621427
2371,1.0797872340425532,0.3876397524621427
2372,1.0797872340425532,0.3876397524621427
2373,1.0797872340425532,0.3876397524621427
2374,1.0797872340425532,0.3876397524621427
2375,1.0797872340425532,0.3876397524621427
2376,1.0797872340425532,0.3876397524621427
2377,1.0797872340425532,0.3876397524621427
2378,1.0797872340425532,0.3876397524621427
2379,1.0797872340425532,0.3876397524621427
2380,1.0797872340425532,0.3876397524621427
2381,1.0797872340425532,0.3876397524621427
2382,1.0797872340425532,0.3876397524621427
2383,1.095744680851064,0.3967136238045253
2384,1.095744680851064,0.3967136238045253
2385,1.095744680851064,0.3967136238045253
2386,1.095744680851064,0.3967136238045253
2387,1.095744680851064,0.3967136238045253
2388,1.095744680851064,0.3967136238045253
2389,1.095744680851064,0.3967136238045253
2390,1.095744680851064,0.3967136238045253
2391,1.095744680851064,0.3967136238045253
2392,1.095744680851064,0.3967136238045253
2393,1.095744680851064,0.3967136238045253
2394,1.095744680851064,0.3967136238045253
2395,1.095744680851064,0.3967136238045253
2396,1.095744680851064,0.3967136238045253
2397,1.095744680851064,0.3967136238045253
2398,1.095744680851064,0.3967136238045253
2399,1.095744680851064,0.3967136238045253
2400,1.095744680851064,0.3967136238045253
